date,open,high,low,close,volume
2018-01-02,10.05,10.35,10.05,10.33,114180
2018-01-03,10.33,10.39,10.21,10.35,70265
2018-01-04,10.39,10.39,10.26,10.32,50975
2018-01-05,10.33,10.9,10.29,10.7,182656
2018-01-08,10.74,11.05,10.66,10.81,195168
2018-01-09,10.78,11.02,10.68,10.85,113488
2018-01-10,10.88,11.23,10.81,10.92,135749
2018-01-11,10.91,10.92,10.66,10.83,84667
2018-01-12,10.75,11.21,10.75,10.93,149044
2018-01-15,10.88,10.97,10.67,10.72,118439
2018-01-16,10.98,11.49,10.84,11.41,293460
2018-01-17,11.3,11.38,10.98,11.18,211396
2018-01-18,11.1,11.25,10.98,11.0,122147
2018-01-19,11.05,11.08,10.76,10.81,149013
2018-01-22,10.77,11.0,10.7,10.87,92457
2018-01-23,10.85,11.1,10.81,11.05,99327
2018-01-24,11.06,11.08,10.85,10.98,84298
2018-01-25,11.0,11.05,10.86,10.89,74964
2018-01-26,10.89,11.44,10.82,11.27,215742
2018-01-29,11.29,11.57,11.08,11.14,194085
2018-01-30,11.08,11.36,10.98,11.23,124867
2018-01-31,11.16,11.16,10.76,10.85,150339
2018-02-01,10.89,10.95,10.41,10.52,126169
2018-02-02,10.46,10.52,10.07,10.34,128742
2018-02-05,10.12,10.43,9.98,10.36,84828
2018-02-06,10.15,10.4,9.85,9.88,103556
2018-02-07,10.01,10.11,9.4,9.8,116157
2018-02-08,9.81,9.95,9.7,9.89,46251
2018-02-09,9.62,9.74,9.1,9.33,102000
2018-02-12,9.33,9.52,9.33,9.42,51880
2018-02-13,9.43,9.62,9.43,9.53,49659
2018-02-14,9.58,9.58,9.4,9.48,31464
2018-02-22,9.58,9.69,9.49,9.64,37045
2018-02-23,9.61,9.8,9.5,9.69,50187
2018-02-26,9.76,9.82,9.64,9.82,50454
2018-02-27,9.79,9.84,9.64,9.65,51153
2018-02-28,9.64,9.73,9.53,9.66,45916
2018-03-01,9.62,9.76,9.59,9.73,56734
2018-03-02,9.63,9.89,9.59,9.78,65254
2018-03-05,9.79,9.95,9.75,9.81,66297
2018-03-06,9.8,10.16,9.79,10.12,96033
2018-03-07,10.05,10.33,9.99,10.19,126556
2018-03-08,10.18,10.24,10.04,10.18,70010
2018-03-09,10.17,10.24,10.09,10.21,58871
2018-03-12,10.21,10.3,10.12,10.18,58516
2018-03-13,10.13,10.19,9.97,10.05,63624
2018-03-14,10.03,10.1,9.95,9.98,50683
2018-03-15,9.93,10.02,9.86,9.93,42549
2018-03-16,9.96,10.03,9.88,9.88,41585
2018-03-19,9.9,9.98,9.83,9.88,28299
2018-03-20,9.86,9.86,9.65,9.81,45663
2018-03-21,9.8,9.91,9.65,9.68,57792
2018-03-22,9.74,9.84,9.55,9.71,52635
2018-03-23,9.5,9.61,9.15,9.35,93828
2018-03-26,9.3,9.55,9.13,9.5,42846
2018-03-27,9.58,9.67,9.55,9.65,44398
2018-03-28,9.6,9.64,9.4,9.44,47868
2018-03-29,9.43,9.71,9.4,9.68,61756
2018-03-30,9.66,9.8,9.6,9.78,58332
2018-04-02,9.76,9.92,9.69,9.74,57618
2018-04-03,9.63,9.69,9.49,9.57,45202
2018-04-04,9.61,9.66,9.43,9.47,54032
2018-04-09,9.4,9.56,9.34,9.43,56083
2018-04-10,9.46,9.53,9.43,9.47,55737
2018-04-11,9.35,9.59,9.31,9.44,77877
2018-04-12,9.42,9.5,9.14,9.25,93223
2018-04-13,9.26,9.33,9.13,9.18,60420
2018-04-16,9.15,9.18,8.99,9.02,64617
2018-04-17,9.05,9.05,8.81,8.88,82821
2018-04-18,8.93,8.96,8.76,8.93,56348
2018-04-19,8.93,8.97,8.88,8.89,35820
2018-04-20,8.89,8.91,8.7,8.7,59166
2018-04-23,8.7,8.76,8.64,8.69,26468
2018-04-24,8.64,8.88,8.64,8.84,57994
2018-04-25,8.81,8.85,8.73,8.81,37854
2018-04-26,8.82,8.86,8.64,8.66,49571
2018-04-27,8.68,8.75,8.61,8.7,32517
2018-05-02,8.69,8.74,8.52,8.58,34213
2018-05-03,8.55,8.65,8.49,8.63,45884
2018-05-04,8.62,8.72,8.59,8.72,55070
2018-05-07,8.73,8.84,8.67,8.75,67645
2018-05-08,8.79,8.88,8.74,8.85,65267
2018-05-09,8.81,8.85,8.75,8.78,44236
2018-05-10,8.79,9.14,8.76,9.01,118455
2018-05-11,8.99,9.19,8.88,9.06,109997
2018-05-14,9.06,9.1,8.84,8.88,57191
2018-05-15,8.88,9.03,8.84,8.97,37816
2018-05-16,8.93,9.01,8.86,8.94,39458
2018-05-17,8.95,9.05,8.88,8.97,39869
2018-05-18,8.91,9.01,8.9,8.99,34915
2018-05-21,9.01,9.09,9.0,9.05,41539
2018-05-22,9.02,9.08,8.99,9.07,37982
2018-05-23,9.07,9.14,8.96,8.98,46903
2018-05-24,9.04,9.2,9.02,9.18,75475
2018-05-25,9.17,9.25,9.07,9.14,65932
2018-05-28,9.06,9.06,8.91,8.94,42896
2018-05-29,8.97,9.0,8.88,8.92,33935
2018-05-30,8.89,8.89,8.57,8.59,58953
2018-05-31,8.65,8.75,8.61,8.72,37644
2018-06-01,8.71,8.86,8.66,8.77,29802
2018-06-04,8.79,8.85,8.7,8.73,27798
2018-06-05,8.73,8.85,8.73,8.83,29638
2018-06-06,8.85,8.85,8.68,8.71,34777
2018-06-07,8.7,8.76,8.67,8.69,26857
2018-06-08,8.69,8.69,8.49,8.52,36285
2018-06-11,8.51,8.62,8.5,8.55,17018
2018-06-12,8.56,8.63,8.54,8.63,20697
2018-06-13,8.6,8.69,8.56,8.57,26231
2018-06-14,8.6,8.65,8.55,8.58,21109
2018-06-15,8.6,8.68,8.42,8.53,42927
2018-06-19,8.47,8.47,7.68,7.75,78341
2018-06-20,7.85,7.89,7.6,7.86,37695
2018-06-21,7.93,7.94,7.69,7.69,34139
2018-06-22,7.74,7.89,7.72,7.86,30400
2018-06-25,7.98,7.98,7.82,7.84,21484
2018-06-26,7.79,7.79,7.55,7.78,32110
2018-06-27,7.8,7.85,7.64,7.7,29996
2018-06-28,7.69,7.74,7.52,7.56,46859
2018-06-29,6.13,6.22,6.1,6.2,62053
2018-07-02,6.19,6.22,5.84,5.88,68471
2018-07-03,5.89,5.96,5.65,5.84,71680
2018-07-04,5.83,5.97,5.79,5.87,50530
2018-07-05,5.84,5.92,5.59,5.6,45719
2018-07-06,5.6,5.67,5.48,5.53,54537
2018-07-09,5.59,5.67,5.55,5.65,34432
2018-07-10,5.66,5.71,5.58,5.69,45373
2018-07-11,5.6,5.6,5.49,5.57,41235
2018-07-12,5.6,5.72,5.58,5.67,37261
2018-07-13,5.7,5.82,5.7,5.78,40987
2018-07-16,5.79,5.83,5.65,5.68,36622
2018-07-17,5.73,5.74,5.66,5.73,17326
2018-07-18,5.73,5.77,5.7,5.73,27815
2018-07-19,5.76,5.78,5.61,5.64,34125
2018-07-20,5.63,5.69,5.59,5.68,30028
2018-07-23,5.68,5.77,5.58,5.76,43690
2018-07-24,5.77,6.34,5.77,6.34,201484
2018-07-25,6.4,6.4,6.13,6.19,130475
2018-07-26,6.16,6.29,6.11,6.2,90399
2018-07-27,6.18,6.36,6.11,6.23,89176
2018-07-30,6.2,6.39,6.14,6.22,91682
2018-07-31,6.2,6.22,6.09,6.15,64989
2018-08-01,6.13,6.16,6.05,6.05,65386
2018-08-02,6.05,6.05,5.73,5.86,56533
2018-08-03,5.86,5.93,5.81,5.85,24933
2018-08-06,5.87,5.87,5.6,5.79,33005
2018-08-07,5.78,6.0,5.71,5.98,47787
2018-08-08,5.92,6.02,5.91,5.96,34729
2018-08-09,5.96,6.15,5.93,6.08,69242
2018-08-10,6.08,6.26,6.05,6.16,70615
2018-08-13,6.06,6.08,5.96,6.04,51488
2018-08-14,6.03,6.23,6.03,6.16,67904
2018-08-15,6.15,6.24,6.02,6.03,47842
2018-08-16,5.99,6.04,5.91,5.95,33255
2018-08-17,6.01,6.04,5.86,5.88,29613
2018-08-20,5.88,6.15,5.86,5.95,32489
2018-08-21,5.96,6.02,5.92,5.97,36380
2018-08-22,5.92,5.96,5.81,5.83,36553
2018-08-23,5.82,5.88,5.75,5.8,37331
2018-08-24,5.82,5.88,5.75,5.84,22423
2018-08-27,5.83,5.99,5.83,5.95,37070
2018-08-28,5.99,6.02,5.93,6.0,31140
2018-08-29,5.99,6.01,5.92,5.98,23092
2018-08-30,5.98,5.99,5.88,5.88,24626
2018-08-31,5.88,5.95,5.84,5.87,18632
2018-09-03,5.86,5.87,5.77,5.84,24258
2018-09-04,5.84,5.99,5.81,5.94,24888
2018-09-05,5.9,5.97,5.83,5.87,20686
2018-09-06,5.85,5.9,5.8,5.81,16697
2018-09-07,5.84,5.91,5.78,5.84,28461
2018-09-10,5.81,5.85,5.62,5.67,29159
2018-09-11,5.67,5.76,5.66,5.71,25305
2018-09-12,5.68,5.77,5.68,5.71,16501
2018-09-13,5.77,5.82,5.74,5.76,30072
2018-09-14,5.78,5.85,5.74,5.79,22362
2018-09-17,5.84,5.84,5.58,5.63,28282
2018-09-18,5.66,5.76,5.61,5.74,29909
2018-09-19,5.74,6.08,5.72,6.03,132339
2018-09-20,6.03,6.18,5.99,6.08,139938
2018-09-21,6.13,6.25,6.02,6.17,146721
2018-09-25,6.05,6.07,5.94,5.95,108382
2018-09-26,6.0,6.05,5.92,5.92,70398
2018-09-27,5.92,5.95,5.75,5.77,63302
2018-09-28,5.81,5.86,5.76,5.83,51017
2018-10-08,5.72,5.73,5.53,5.55,59604
2018-10-09,5.59,5.62,5.54,5.56,37521
2018-10-10,5.6,5.61,5.55,5.6,26064
2018-10-11,5.4,5.44,5.04,5.05,80926
2018-10-12,5.04,5.12,4.89,5.06,54258
2018-10-15,5.07,5.12,4.97,4.98,40319
2018-10-16,5.0,5.07,4.78,4.82,41648
2018-10-17,4.89,4.95,4.71,4.88,46613
2018-10-18,4.86,4.92,4.8,4.83,40136
2018-10-19,4.75,5.05,4.73,5.02,61402
2018-10-22,5.04,5.36,5.04,5.21,75818
2018-10-23,5.22,5.26,5.05,5.09,54046
2018-10-24,5.1,5.16,5.06,5.07,35232
2018-10-25,4.95,5.06,4.88,5.02,45787
2018-10-26,5.09,5.23,5.05,5.1,70329
2018-10-29,5.1,5.14,4.93,4.96,57901
2018-10-30,4.95,5.05,4.91,4.96,53848
2018-10-31,4.99,5.07,4.97,5.02,56737
2018-11-01,5.05,5.15,5.02,5.03,74505
2018-11-02,5.15,5.16,5.07,5.14,68486
2018-11-05,5.12,5.17,5.06,5.14,66613
2018-11-06,5.14,5.14,5.06,5.13,41171
2018-11-07,5.12,5.18,5.1,5.11,35878
2018-11-08,5.15,5.18,5.07,5.09,36931
2018-11-09,5.07,5.12,5.05,5.06,26734
2018-11-12,5.01,5.17,5.01,5.17,31174
2018-11-13,5.11,5.3,5.09,5.28,76880
2018-11-14,5.3,5.33,5.23,5.27,58117
2018-11-15,5.27,5.41,5.24,5.38,61913
2018-11-16,5.38,5.52,5.33,5.5,101232
2018-11-19,5.49,5.73,5.43,5.6,95927
2018-11-20,5.6,5.62,5.37,5.38,87051
2018-11-21,5.35,5.58,5.32,5.51,74086
2018-11-22,5.5,5.53,5.42,5.46,38991
2018-11-23,5.46,5.46,5.23,5.24,52998
2018-11-26,5.24,5.3,5.17,5.2,30310
2018-11-27,5.22,5.27,5.14,5.17,30287
2018-11-28,5.2,5.23,5.06,5.22,46968
2018-11-29,5.25,5.28,5.09,5.11,42832
2018-11-30,5.08,5.12,5.04,5.11,39439
2018-12-03,5.22,5.31,5.18,5.23,69372
2018-12-04,5.24,5.24,5.18,5.23,40743
2018-12-05,5.17,5.25,5.13,5.18,37399
2018-12-06,5.15,5.17,5.06,5.08,49604
2018-12-07,5.07,5.26,5.07,5.15,36154
2018-12-10,5.15,5.16,5.03,5.05,29352
2018-12-11,5.06,5.25,5.06,5.24,63872
2018-12-12,5.3,5.35,5.17,5.21,82710
2018-12-13,5.18,5.28,5.13,5.18,74850
2018-12-14,5.16,5.23,5.02,5.02,133197
2018-12-17,5.07,5.13,5.0,5.11,52799
2018-12-18,5.07,5.09,5.0,5.04,52463
2018-12-19,5.02,5.09,4.94,4.97,39455
2018-12-20,4.95,5.02,4.95,4.98,28919
2018-12-21,4.98,5.0,4.92,4.99,31861
2018-12-24,4.96,4.98,4.78,4.88,70550
2018-12-25,4.83,4.84,4.66,4.77,69575
2018-12-26,4.74,4.81,4.72,4.73,39787
2018-12-27,4.8,4.83,4.63,4.63,52168
2018-12-28,4.65,4.68,4.58,4.6,45944
2019-01-02,4.61,4.64,4.55,4.59,34151
2019-01-03,4.59,4.65,4.57,4.58,32060
2019-01-04,4.51,4.7,4.5,4.65,63543
2019-01-07,4.71,4.75,4.67,4.74,48822
2019-01-08,4.75,4.78,4.71,4.73,44425
2019-01-09,4.75,5.02,4.73,4.94,163329
2019-01-10,4.94,4.98,4.86,4.89,68013
2019-01-11,4.91,5.04,4.9,4.99,88446
2019-01-14,4.99,5.01,4.92,4.96,43791
2019-01-15,5.05,5.06,4.97,5.03,63638
2019-01-16,5.03,5.08,4.99,5.02,67167
2019-01-17,5.04,5.06,4.95,4.99,51181
2019-01-18,4.99,5.04,4.98,5.03,55893
2019-01-21,5.05,5.08,5.0,5.03,45928
2019-01-22,5.06,5.06,4.98,5.0,59284
2019-01-23,4.99,5.02,4.97,4.99,34265
2019-01-24,4.99,5.01,4.94,4.97,37522
2019-01-25,4.98,5.01,4.89,4.89,44770
2019-01-28,4.94,4.97,4.89,4.91,36496
2019-01-29,4.93,4.93,4.75,4.8,71251
2019-01-30,4.83,4.92,4.8,4.86,85091
2019-01-31,4.87,4.9,4.75,4.79,51818
2019-02-01,4.82,4.93,4.82,4.91,65419
2019-02-11,4.9,5.4,4.9,5.17,132272
2019-02-12,5.14,5.28,5.09,5.25,154170
2019-02-13,5.23,5.44,5.21,5.32,161251
2019-02-14,5.34,5.44,5.31,5.39,113942
2019-02-15,5.35,5.39,5.31,5.33,83213
2019-02-18,5.4,5.55,5.37,5.54,157661
2019-02-19,5.8,6.08,5.7,5.82,480366
2019-02-20,5.8,5.8,5.62,5.7,194876
2019-02-21,5.64,5.74,5.56,5.58,162936
2019-02-22,5.58,5.71,5.55,5.71,114869
2019-02-25,5.74,5.99,5.74,5.95,320262
2019-02-26,5.95,5.97,5.83,5.84,229371
2019-02-27,5.83,5.93,5.82,5.85,161133
2019-02-28,5.85,6.03,5.85,5.95,159691
2019-03-01,5.93,5.97,5.83,5.93,141526
2019-03-04,5.97,6.12,5.94,5.98,254905
2019-03-05,5.98,6.08,5.98,6.06,137856
2019-03-06,6.1,6.18,6.0,6.12,210311
2019-03-07,6.12,6.22,6.03,6.19,201987
2019-03-08,6.1,6.12,5.81,5.86,234365
2019-03-11,5.85,6.0,5.84,5.98,154639
2019-03-12,6.04,6.13,5.95,6.03,205780
2019-03-13,6.04,6.15,5.96,6.0,234063
2019-03-14,6.02,6.08,5.81,5.87,148334
2019-03-15,5.9,6.3,5.88,6.13,269365
2019-03-18,6.14,6.46,6.08,6.38,298402
2019-03-19,6.36,6.49,6.28,6.33,166977
2019-03-20,6.34,6.44,6.27,6.39,173714
2019-03-21,6.42,6.85,6.41,6.68,268242
2019-03-22,6.66,6.83,6.61,6.79,176898
2019-03-25,6.71,6.94,6.66,6.84,195462
2019-03-26,6.89,6.93,6.51,6.55,206092
2019-03-27,6.67,6.68,6.48,6.6,136453
2019-03-28,6.56,6.77,6.53,6.66,142142
2019-03-29,6.66,6.99,6.62,6.92,257815
2019-04-01,6.98,7.43,6.98,7.4,326531
2019-04-02,7.64,8.05,7.49,7.56,496860
2019-04-03,7.58,8.0,7.57,7.94,389157
2019-04-04,8.03,8.03,7.72,7.85,309901
2019-04-08,7.94,8.18,7.81,7.86,290981
2019-04-09,7.86,8.14,7.83,8.0,170173
2019-04-10,7.96,8.04,7.86,7.94,136438
2019-04-11,7.94,8.13,7.9,7.98,192065
2019-04-12,8.0,8.03,7.73,7.85,191919
2019-04-15,7.99,8.1,7.76,7.76,206395
2019-04-16,7.86,7.97,7.66,7.87,202912
2019-04-17,7.96,7.97,7.81,7.85,167890
2019-04-18,7.86,7.88,7.69,7.74,110438
2019-04-19,7.77,7.84,7.66,7.77,100671
2019-04-22,7.82,7.85,7.55,7.59,148520
2019-04-23,7.58,7.6,7.25,7.43,264768
2019-04-24,7.43,7.53,7.28,7.39,156335
2019-04-25,7.41,7.46,7.05,7.09,161994
2019-04-26,7.13,7.26,7.08,7.16,149234
2019-04-29,7.13,7.25,6.85,7.03,137308
2019-04-30,7.14,7.17,6.95,7.05,114128
2019-05-06,6.87,6.91,6.4,6.51,191851
2019-05-07,6.55,6.8,6.53,6.78,145152
2019-05-08,6.65,6.8,6.55,6.65,119530
2019-05-09,6.57,6.71,6.5,6.51,77505
2019-05-10,6.67,6.84,6.45,6.79,127694
2019-05-13,6.7,6.81,6.68,6.75,81703
2019-05-14,6.65,6.73,6.63,6.67,95609
2019-05-15,6.69,6.83,6.69,6.76,88349
2019-05-16,6.79,6.9,6.71,6.85,75802
2019-05-17,6.82,6.93,6.71,6.77,105012
2019-05-20,6.79,6.8,6.53,6.63,70072
2019-05-21,6.62,6.73,6.61,6.69,58935
2019-05-22,6.73,6.73,6.58,6.59,57554
2019-05-23,6.59,6.61,6.38,6.41,107009
2019-05-24,6.41,6.55,6.41,6.51,63925
2019-05-27,6.52,6.71,6.47,6.66,82135
2019-05-28,6.71,6.71,6.56,6.59,60847
2019-05-29,6.55,6.61,6.53,6.55,40264
2019-05-30,6.52,6.55,6.46,6.52,51759
2019-05-31,6.52,6.58,6.47,6.53,37816
2019-06-03,6.52,6.59,6.44,6.5,52632
2019-06-04,6.5,6.53,6.3,6.36,61972
2019-06-05,6.43,6.44,6.3,6.3,69468
2019-06-06,6.3,6.33,6.09,6.1,104717
2019-06-10,6.13,6.23,6.12,6.15,60212
2019-06-11,6.16,6.39,6.07,6.39,75834
2019-06-12,6.44,6.48,6.35,6.37,73290
2019-06-13,6.4,6.48,6.33,6.45,68664
2019-06-14,6.52,6.65,6.5,6.58,151514
2019-06-17,6.25,6.65,6.25,6.65,103033
2019-06-18,6.62,6.75,6.62,6.7,75853
2019-06-19,6.81,6.93,6.74,6.78,101907
2019-06-20,5.02,5.11,4.99,5.02,168032
2019-06-21,5.06,5.15,5.04,5.06,119099
2019-06-24,5.11,5.12,5.02,5.06,88524
2019-06-25,5.06,5.09,4.99,5.06,95269
2019-06-26,5.06,5.06,4.98,5.0,68372
2019-06-27,5.04,5.06,4.96,5.0,74443
2019-06-28,5.02,5.03,4.92,4.94,70567
2019-07-01,5.03,5.09,5.0,5.04,90613
2019-07-02,5.06,5.07,5.02,5.04,65324
2019-07-03,5.06,5.32,5.02,5.16,208154
2019-07-04,5.28,5.42,5.12,5.33,197895
2019-07-05,5.36,5.36,5.25,5.32,102841
2019-07-08,5.31,5.41,5.15,5.21,165709
2019-07-09,5.24,5.34,5.18,5.29,99026
2019-07-10,5.29,5.34,5.25,5.29,75144
2019-07-11,5.33,5.4,5.27,5.35,82490
2019-07-12,5.32,5.38,5.29,5.35,47435
2019-07-15,5.34,5.4,5.22,5.35,81352
2019-07-16,5.34,5.45,5.33,5.41,79938
2019-07-17,5.43,5.44,5.33,5.34,61678
2019-07-18,5.35,5.37,5.3,5.33,60726
2019-07-19,5.35,5.48,5.33,5.4,77288
2019-07-22,5.41,5.46,5.31,5.33,65636
2019-07-23,5.34,5.66,5.28,5.62,292184
2019-07-24,5.58,5.67,5.55,5.64,193029
2019-07-25,5.66,5.66,5.56,5.61,105583
2019-07-26,5.6,5.64,5.54,5.62,69648
2019-07-29,5.62,5.86,5.58,5.74,213261
2019-07-30,5.73,5.79,5.68,5.69,128176
2019-07-31,5.66,5.68,5.6,5.65,90803
2019-08-01,5.63,5.63,5.52,5.54,78618
2019-08-02,5.41,5.45,5.28,5.42,132429
2019-08-05,5.42,5.42,5.17,5.2,151059
2019-08-06,5.1,5.2,5.05,5.11,184772
2019-08-07,5.18,5.57,5.13,5.44,269913
2019-08-08,5.46,5.51,5.4,5.41,127881
2019-08-09,5.47,5.48,5.3,5.32,84121
2019-08-12,5.31,5.39,5.26,5.31,74456
2019-08-13,5.31,5.34,5.19,5.25,75897
2019-08-14,5.32,5.39,5.25,5.31,71874
2019-08-15,5.22,5.34,5.18,5.32,56798
2019-08-16,5.33,5.39,5.29,5.34,54160
2019-08-19,5.6,5.78,5.55,5.75,429177
2019-08-20,5.69,5.88,5.66,5.67,275099
2019-08-21,5.69,6.09,5.67,6.0,527978
2019-08-22,6.08,6.09,5.97,6.02,287194
2019-08-23,6.07,6.07,5.84,5.92,191385
2019-08-26,5.85,5.87,5.75,5.82,180957
2019-08-27,5.82,5.87,5.67,5.68,318222
2019-08-28,5.68,5.77,5.61,5.62,178173
2019-08-29,5.62,5.71,5.55,5.65,181678
2019-08-30,5.67,5.7,5.51,5.56,179022
2019-09-02,5.6,5.67,5.54,5.62,148392
2019-09-03,5.65,5.75,5.54,5.56,247695
2019-09-04,5.56,5.71,5.54,5.67,171447
2019-09-05,5.75,5.77,5.63,5.64,231816
2019-09-06,5.65,5.68,5.54,5.56,151246
2019-09-09,5.62,5.62,5.54,5.58,158366
2019-09-10,5.58,5.59,5.48,5.51,137975
2019-09-11,5.53,5.54,5.44,5.47,120941
2019-09-12,5.48,5.58,5.48,5.53,150753
2019-09-16,5.55,5.56,5.49,5.5,90036
2019-09-17,5.5,5.51,5.34,5.38,136676
2019-09-18,5.39,5.42,5.31,5.36,61968
2019-09-19,5.36,5.39,5.31,5.37,60720
2019-09-20,5.37,5.47,5.37,5.44,86703
2019-09-23,5.43,5.43,5.32,5.4,68359
2019-09-24,5.37,5.4,5.33,5.35,62412
2019-09-25,5.38,5.39,5.26,5.26,101526
2019-09-26,5.28,5.32,5.18,5.19,81641
2019-09-27,5.16,5.28,5.15,5.22,53341
2019-09-30,5.23,5.24,4.99,5.15,45473
2019-10-08,5.16,5.25,5.15,5.2,45035
2019-10-09,5.18,5.29,5.17,5.27,57584
2019-10-10,5.27,5.3,5.23,5.26,47779
2019-10-11,5.26,5.3,5.23,5.27,52226
2019-10-14,5.31,5.47,5.31,5.4,110938
2019-10-15,5.36,5.44,5.29,5.32,61017
2019-10-16,5.32,5.41,5.28,5.28,71737
2019-10-17,5.31,5.39,5.31,5.37,66728
2019-10-18,5.37,5.37,5.18,5.22,78724
2019-10-21,5.21,5.24,5.15,5.18,83026
2019-10-22,5.18,5.28,5.18,5.27,62914
2019-10-23,5.27,5.31,5.25,5.27,40692
2019-10-24,5.25,5.31,5.23,5.29,44267
2019-10-25,5.3,5.32,5.26,5.29,44887
2019-11-04,5.7,5.7,5.35,5.38,391628
2019-11-05,5.34,5.44,5.3,5.38,193945
2019-11-06,5.36,5.38,5.18,5.2,166407
2019-11-07,5.23,5.25,5.18,5.23,94271
2019-11-08,5.25,5.27,5.18,5.21,75399
2019-11-11,5.17,5.17,5.04,5.05,106123
2019-11-12,5.05,5.1,5.01,5.09,76022
2019-11-13,5.07,5.08,4.97,5.01,75120
2019-11-14,5.0,5.05,5.0,5.03,43321
2019-11-15,5.1,5.12,5.02,5.06,62429
2019-11-18,5.07,5.08,4.93,5.07,51782
2019-11-19,5.07,5.1,5.05,5.08,48918
2019-11-20,5.08,5.09,5.04,5.05,43285
2019-11-21,5.05,5.08,5.02,5.06,33847
2019-11-22,5.08,5.16,5.05,5.09,67794
2019-11-25,5.09,5.15,5.06,5.13,58701
2019-11-26,5.12,5.15,5.06,5.09,43131
2019-11-27,5.1,5.12,5.0,5.06,53037
2019-11-28,5.06,5.09,5.01,5.02,38786
2019-11-29,5.02,5.05,5.0,5.04,50526
2019-12-02,5.06,5.09,5.02,5.04,49715
2019-12-03,5.05,5.05,4.95,5.02,68714
2019-12-04,4.97,5.05,4.95,5.0,42939
2019-12-05,5.0,5.04,4.99,5.01,43240
2019-12-06,5.01,5.03,4.99,5.02,41820
2019-12-09,5.04,5.17,5.02,5.15,103152
2019-12-10,5.12,5.18,5.11,5.15,54201
2019-12-11,5.15,5.18,5.1,5.15,46390
2019-12-12,5.17,5.19,5.06,5.1,56050
2019-12-13,5.27,5.27,5.1,5.15,112544
2019-12-16,5.14,5.18,5.11,5.17,132045
2019-12-17,5.16,5.24,5.14,5.21,155964
2019-12-18,5.21,5.25,5.15,5.17,122278
2019-12-19,5.2,5.2,5.16,5.17,78458
2019-12-20,5.18,5.22,5.1,5.12,139486
2019-12-23,5.13,5.16,5.05,5.08,160340
2019-12-24,5.1,5.1,5.04,5.08,110621
2019-12-25,5.09,5.11,5.06,5.09,68411
2019-12-26,5.09,5.13,5.08,5.11,109308
2019-12-27,5.11,5.22,5.11,5.18,176256
2019-12-30,5.18,5.22,5.14,5.22,118010
2019-12-31,5.21,5.31,5.2,5.3,142673
2020-01-02,5.34,5.38,5.29,5.32,167151
2020-01-03,5.32,5.34,5.27,5.29,116730
2020-01-06,5.26,5.32,5.23,5.28,111401
2020-01-07,5.3,5.32,5.26,5.3,99818
2020-01-08,5.3,5.67,5.28,5.52,465315
2020-01-09,5.56,5.61,5.5,5.58,265081
2020-01-10,5.54,5.54,5.35,5.38,353343
2020-01-13,5.38,5.43,5.33,5.39,176374
2020-01-14,5.43,5.44,5.35,5.35,133289
2020-01-15,5.35,5.38,5.28,5.28,118768
2020-01-16,5.31,5.32,5.28,5.3,78226
2020-01-17,5.31,5.33,5.27,5.28,79041
2020-01-20,5.28,5.32,5.25,5.29,84649
2020-01-21,5.32,5.32,5.15,5.18,157502
2020-01-22,5.18,5.22,5.1,5.17,91603
2020-01-23,5.18,5.19,4.98,5.06,153769
2020-02-03,4.55,4.55,4.55,4.55,40281
2020-02-04,4.21,4.54,4.21,4.52,221831
2020-02-05,4.52,4.67,4.47,4.61,147641
2020-02-06,4.62,4.82,4.57,4.78,152834
2020-02-07,4.76,4.85,4.71,4.81,107918
2020-02-10,4.78,4.92,4.76,4.85,136749
2020-02-11,4.9,4.94,4.79,4.81,111695
2020-02-12,4.82,4.85,4.77,4.8,108413
2020-02-13,4.78,4.84,4.72,4.73,89429
2020-02-14,4.74,4.77,4.7,4.74,85264
2020-02-17,4.76,4.9,4.76,4.9,109447
2020-02-18,4.88,4.92,4.8,4.85,141323
2020-02-19,4.86,4.86,4.79,4.8,99527
2020-02-20,4.83,4.89,4.79,4.87,119290
2020-02-21,4.88,4.92,4.85,4.89,118267
2020-02-24,4.89,4.9,4.75,4.81,148399
2020-02-25,4.76,4.8,4.63,4.73,176815
2020-02-26,4.72,5.02,4.66,4.88,370270
2020-02-27,4.88,4.94,4.81,4.84,185879
2020-02-28,4.78,4.84,4.69,4.73,175144
2020-03-02,4.75,5.03,4.75,4.96,276996
2020-03-03,5.07,5.12,4.96,5.04,237533
2020-03-04,5.0,5.2,4.96,5.19,250260
2020-03-05,5.17,5.31,5.16,5.27,259283
2020-03-06,5.19,5.3,5.11,5.15,199172
2020-03-09,5.02,5.16,4.97,4.97,190128
2020-03-10,4.83,5.15,4.83,5.03,201424
2020-03-11,5.04,5.07,4.98,4.99,153384
2020-03-12,4.94,5.0,4.85,4.88,149415
2020-03-13,4.7,4.89,4.63,4.86,149769
2020-03-16,4.86,4.93,4.66,4.7,143947
2020-03-17,4.7,4.81,4.56,4.66,124508
2020-03-18,4.71,4.73,4.56,4.58,118290
2020-03-19,4.55,4.64,4.48,4.57,117140
2020-03-20,4.63,4.63,4.53,4.59,79697
2020-03-23,4.5,4.6,4.46,4.5,114080
2020-03-24,4.56,4.62,4.53,4.6,106764
2020-03-25,4.68,4.78,4.61,4.72,143870
2020-03-26,4.69,4.73,4.59,4.6,82814
2020-03-27,4.63,4.76,4.63,4.69,107925
2020-03-30,4.64,4.74,4.57,4.69,107208
2020-03-31,4.74,4.78,4.63,4.65,62755
2020-04-01,4.62,4.74,4.62,4.69,68880
2020-04-02,4.64,4.75,4.64,4.75,81930
2020-04-03,4.75,4.94,4.7,4.85,117930
2020-04-07,4.86,4.9,4.82,4.85,134526
2020-04-08,4.84,4.91,4.82,4.89,112840
2020-04-09,4.89,4.97,4.89,4.89,77348
2020-04-10,4.91,4.95,4.85,4.9,75203
2020-04-13,4.89,5.13,4.89,5.1,211156
2020-04-14,5.19,5.47,5.16,5.34,600856
2020-04-15,5.32,5.55,5.31,5.41,512838
2020-04-16,5.4,5.91,5.39,5.75,728799
2020-04-17,5.86,5.92,5.73,5.89,550682
2020-04-20,5.91,6.25,5.81,6.18,718534
2020-04-21,6.12,6.43,6.03,6.36,731995
2020-04-22,6.39,6.98,6.3,6.9,904384
2020-04-23,6.86,6.95,6.55,6.63,801745
2020-04-24,6.58,6.7,6.27,6.37,749333
2020-04-27,6.36,6.58,6.31,6.34,492052
2020-04-28,6.37,6.58,6.15,6.42,633044
2020-04-29,6.32,6.46,6.24,6.35,482426
2020-04-30,6.38,6.53,6.34,6.39,467938
2020-05-06,6.38,6.84,6.32,6.73,697752
2020-05-07,6.71,6.8,6.59,6.63,473333
2020-05-08,6.7,6.72,6.53,6.58,313466
2020-05-11,6.58,6.67,6.53,6.62,229520
2020-05-12,6.63,6.63,6.38,6.54,329508
2020-05-13,6.52,6.65,6.47,6.5,309808
2020-05-14,6.5,6.63,6.44,6.47,309166
2020-05-15,6.54,6.82,6.54,6.61,517711
2020-05-18,6.61,6.67,6.47,6.59,299025
2020-05-19,6.61,6.72,6.5,6.64,292602
2020-05-20,6.64,6.65,6.45,6.45,271009
2020-05-21,6.5,6.53,6.41,6.43,179807
2020-05-22,6.5,6.63,6.44,6.56,305278
2020-05-25,6.56,6.62,6.45,6.51,203024
2020-05-26,6.53,7.11,6.51,7.09,774557
2020-05-27,7.09,7.15,6.48,6.51,849287
2020-05-28,6.51,6.53,6.16,6.35,498653
2020-05-29,6.02,6.11,5.88,5.89,345998
2020-06-01,5.87,6.41,5.87,6.36,645217
2020-06-02,6.37,6.6,6.34,6.51,522928
2020-06-03,6.58,6.62,6.4,6.44,309284
2020-06-04,6.47,6.47,6.19,6.21,327022
2020-06-05,6.27,6.36,6.12,6.16,268131
2020-06-08,6.25,6.39,6.11,6.19,279108
2020-06-09,6.17,6.2,6.09,6.14,199027
2020-06-10,6.14,6.23,6.07,6.15,190155
2020-06-11,6.14,6.21,6.12,6.12,161327
2020-06-12,6.02,6.16,5.99,6.11,153888
2020-06-15,6.16,6.69,6.14,6.49,734208
2020-06-16,6.51,6.6,6.43,6.58,373560
2020-06-17,6.59,6.62,6.37,6.42,355890
2020-06-18,6.53,7.03,6.46,6.92,852142
2020-06-19,6.94,6.99,6.83,6.93,459246
2020-06-22,6.98,7.35,6.73,6.74,782179
2020-06-23,6.85,6.87,6.68,6.71,368638
2020-06-24,6.75,6.78,6.63,6.65,249630
2020-06-29,6.62,6.96,6.62,6.89,453802
2020-06-30,6.89,7.01,6.84,6.91,302817
2020-07-01,6.91,7.5,6.86,7.42,809869
2020-07-02,7.38,7.75,7.35,7.6,824948
2020-07-03,7.64,7.76,7.42,7.52,589553
2020-07-06,7.5,8.05,7.5,7.97,878987
2020-07-07,8.1,8.13,7.81,7.98,659514
2020-07-08,7.9,8.2,7.88,8.15,527601
2020-07-09,8.5,8.53,8.23,8.39,775184
2020-07-10,8.37,9.23,8.24,9.04,1199917
2020-07-13,9.1,9.54,9.1,9.48,947014
2020-07-14,9.48,9.83,8.99,9.27,907689
2020-07-15,9.15,9.31,8.64,8.78,783615
2020-07-16,8.75,8.88,8.1,8.15,673541
2020-07-17,8.22,8.43,8.15,8.23,518066
2020-07-20,8.36,8.52,8.3,8.46,491057
2020-07-21,8.45,8.55,8.24,8.5,475363
2020-07-22,8.4,8.61,8.31,8.4,485430
2020-07-23,8.32,8.42,8.02,8.28,439992
2020-07-24,8.33,8.78,8.15,8.31,753019
2020-07-27,8.27,8.29,7.92,8.01,537177
2020-07-28,8.04,8.12,7.86,7.97,312974
2020-07-29,7.97,8.27,7.82,8.26,400365
2020-07-30,8.29,8.73,8.2,8.56,567569
2020-07-31,8.55,8.72,8.4,8.57,482477
2020-08-03,8.66,9.29,8.66,9.25,835817
2020-08-04,9.31,9.73,9.15,9.41,901100
2020-08-05,9.27,9.27,8.88,9.14,570552
2020-08-06,9.1,9.24,8.81,8.92,453816
2020-08-07,8.9,9.08,8.6,8.85,365719
2020-08-10,8.73,9.15,8.68,9.03,445424
2020-08-11,9.02,9.09,8.63,8.66,387021
2020-08-12,8.56,8.88,8.36,8.6,377582
2020-08-13,8.6,8.73,8.48,8.61,235580
2020-08-14,8.61,8.66,8.48,8.64,246010
2020-08-17,8.56,8.85,8.5,8.78,346256
2020-08-18,8.82,9.05,8.71,8.99,399627
2020-08-19,9.01,9.11,8.73,8.79,349671
2020-08-20,8.67,8.84,8.39,8.47,344478
2020-08-21,8.52,8.61,8.42,8.51,207623
2020-08-24,8.48,8.56,8.28,8.35,318816
2020-08-25,8.36,8.54,8.3,8.48,221115
2020-08-26,8.44,8.44,7.88,8.06,493749
2020-08-27,7.99,7.99,7.67,7.78,423251
2020-08-28,7.8,8.02,7.8,7.94,293488
2020-08-31,7.95,8.0,7.8,7.81,279339
2020-09-01,7.83,7.83,7.55,7.62,391377
2020-09-02,7.7,7.74,7.49,7.56,307179
2020-09-03,7.62,7.65,7.41,7.41,267635
2020-09-04,7.3,7.46,7.24,7.44,228527
2020-09-07,7.44,7.51,7.09,7.14,303613
2020-09-08,7.12,7.25,7.05,7.22,224136
2020-09-09,7.18,7.27,7.0,7.01,245409
2020-09-10,7.08,7.17,6.86,6.87,269600
2020-09-11,6.93,7.06,6.75,6.95,266214
2020-09-14,7.0,7.04,6.77,6.86,262407
2020-09-15,6.87,6.95,6.75,6.94,205278
2020-09-16,6.93,6.96,6.81,6.85,148870
2020-09-17,6.82,7.0,6.77,6.95,171873
2020-09-18,6.94,7.65,6.9,7.65,673750
2020-09-21,7.66,7.66,7.25,7.28,563105
2020-09-22,7.25,7.29,7.1,7.15,247599
2020-09-23,7.14,7.34,7.08,7.16,285932
2020-09-24,7.1,7.15,6.93,6.94,207415
2020-09-25,6.89,6.99,6.83,6.91,148195
2020-09-28,6.94,7.07,6.91,6.94,132819
2020-09-29,6.95,7.07,6.9,7.02,128071
2020-09-30,7.05,7.09,6.91,6.95,126905
2020-10-09,7.07,7.3,7.07,7.24,233656
2020-10-12,7.53,7.83,7.46,7.75,546282
2020-10-13,7.79,7.83,7.61,7.8,430018
2020-10-14,7.95,7.98,7.38,7.46,532635
2020-10-15,7.46,7.48,7.27,7.34,238849
2020-10-16,7.35,7.42,7.26,7.38,175267
2020-10-19,7.44,7.46,7.22,7.25,196094
2020-10-20,7.21,7.25,7.11,7.19,195395
2020-10-21,7.19,7.19,7.02,7.06,192136
2020-10-22,7.09,7.15,7.01,7.13,156133
2020-10-23,7.11,7.17,7.01,7.02,121386
2020-10-26,7.0,7.06,6.92,7.02,91480
2020-10-27,6.99,7.05,6.99,7.02,77041
2020-10-28,7.04,7.06,6.93,7.03,105621
2020-10-29,6.94,7.05,6.93,7.04,95928
2020-10-30,7.05,7.05,6.78,6.84,185610
2020-11-02,6.85,6.85,6.66,6.68,150560
2020-11-03,6.68,6.86,6.62,6.83,123716
2020-11-04,6.87,6.9,6.69,6.74,96394
2020-11-05,6.78,6.99,6.78,6.94,140814
2020-11-06,6.96,6.96,6.8,6.88,109456
2020-11-09,6.92,7.05,6.92,6.92,212862
2020-11-10,6.92,6.96,6.81,6.82,130410
2020-11-11,6.83,6.94,6.78,6.86,99508
2020-11-12,6.84,6.93,6.79,6.81,75338
2020-11-13,6.82,6.83,6.71,6.81,83015
2020-11-16,6.79,6.84,6.72,6.82,109176
2020-11-17,6.82,6.9,6.75,6.88,138487
2020-11-18,6.9,7.23,6.86,7.11,290047
2020-11-19,7.08,7.1,7.0,7.03,163547
2020-11-20,7.01,7.04,6.9,6.95,130476
2020-11-23,6.92,7.05,6.9,7.0,176145
2020-11-24,7.03,7.04,6.95,6.99,98711
2020-11-25,6.98,7.0,6.86,6.88,122560
2020-11-26,6.88,6.91,6.82,6.84,80536
2020-11-27,6.86,6.94,6.82,6.89,83737
2020-11-30,6.86,7.01,6.85,6.88,176668
2020-12-01,6.88,6.93,6.84,6.87,179604
2020-12-02,6.89,6.98,6.87,6.96,178338
2020-12-03,6.94,6.97,6.84,6.85,142099
2020-12-04,6.85,6.87,6.76,6.78,132242
2020-12-07,6.77,6.79,6.66,6.68,117586
2020-12-08,6.64,6.72,6.64,6.68,57815
2020-12-09,6.68,6.68,6.45,6.47,155407
2020-12-10,6.5,6.55,6.45,6.48,64211
2020-12-11,6.49,6.52,6.25,6.33,132182
2020-12-14,6.3,6.35,6.26,6.3,55562
2020-12-15,6.32,6.34,6.2,6.22,81926
2020-12-16,6.23,6.24,6.06,6.09,116477
2020-12-17,6.11,6.2,6.01,6.16,145450
2020-12-18,6.14,6.23,6.09,6.12,73235
2020-12-21,6.15,6.21,6.07,6.17,87427
2020-12-22,6.16,6.16,6.0,6.01,121215
2020-12-23,6.0,6.04,5.93,5.99,117386
2020-12-24,6.09,6.09,5.97,5.99,97790
2020-12-25,5.96,6.05,5.95,5.98,80262
2020-12-28,5.96,5.96,5.8,5.89,116091
2020-12-29,5.9,6.04,5.85,6.01,104487
2020-12-30,6.03,6.03,5.93,5.95,73683
2020-12-31,5.96,6.03,5.92,5.94,160872
2021-01-04,5.94,5.94,5.82,5.9,162689
2021-01-05,5.89,5.9,5.67,5.73,251532
2021-01-06,5.74,5.89,5.65,5.8,174752
2021-01-07,5.81,5.81,5.53,5.59,205136
2021-01-08,5.64,5.75,5.54,5.7,153571
2021-01-11,5.68,5.69,5.5,5.52,193609
2021-01-12,5.56,5.6,5.5,5.51,134950
2021-01-13,5.52,6.0,5.36,5.78,391704
2021-01-14,5.75,6.14,5.75,5.89,297746
2021-01-15,5.85,5.98,5.81,5.9,180201
2021-01-18,5.81,5.93,5.77,5.83,155711
2021-01-19,5.8,6.34,5.76,6.18,430290
2021-01-20,6.18,6.2,6.0,6.01,210669
2021-01-21,6.03,6.06,5.92,5.98,163574
2021-01-22,6.0,6.0,5.82,5.85,145597
2021-01-25,5.82,5.85,5.58,5.64,197050
2021-01-26,5.6,5.74,5.56,5.64,98080
2021-01-27,5.63,5.73,5.59,5.6,101875
2021-01-28,5.57,5.63,5.52,5.56,100255
2021-01-29,5.57,5.62,5.45,5.5,105423
2021-02-01,5.5,5.7,5.47,5.67,117979
2021-02-02,5.65,5.77,5.62,5.62,89335
2021-02-03,5.64,5.65,5.5,5.57,83263
2021-02-04,5.55,5.6,5.52,5.56,88933
2021-02-05,5.58,5.73,5.52,5.65,133172
2021-02-08,5.67,5.84,5.63,5.67,243372
2021-02-09,5.64,5.67,5.58,5.65,136884
2021-02-10,5.65,5.76,5.61,5.69,147692
2021-02-18,5.71,5.83,5.69,5.81,263032
2021-02-19,5.8,6.03,5.76,6.02,270164
2021-02-22,6.03,6.18,6.02,6.03,251338
2021-02-23,6.05,6.12,5.94,5.98,157333
2021-02-24,5.98,6.06,5.91,6.01,158583
2021-02-25,6.01,6.43,6.01,6.2,425453
2021-02-26,6.09,6.24,6.03,6.06,242534
2021-03-01,6.07,6.1,6.0,6.05,144667
2021-03-02,6.04,6.09,5.83,5.92,183507
2021-03-03,5.9,6.04,5.86,6.02,140860
2021-03-04,6.01,6.04,5.93,5.96,108020
2021-03-05,5.93,6.0,5.9,5.98,98850
2021-03-08,6.01,6.14,5.99,6.01,180306
2021-03-09,6.02,6.13,5.92,6.07,235403
2021-03-10,6.09,6.12,5.92,5.92,160846
2021-03-11,5.9,6.15,5.89,6.09,216623
2021-03-12,6.08,6.23,6.05,6.2,291997
2021-03-15,6.2,6.34,6.13,6.22,191455
2021-03-16,6.27,6.3,6.18,6.29,153181
2021-03-17,6.27,6.4,6.24,6.36,210187
2021-03-18,6.36,6.37,6.24,6.27,145994
2021-03-19,6.22,6.26,6.13,6.18,125117
2021-03-22,6.16,6.23,6.13,6.2,95136
2021-03-23,6.19,6.24,6.08,6.12,126063
2021-03-24,6.1,6.14,6.03,6.06,93452
2021-03-25,6.07,6.12,6.04,6.06,82067
2021-03-26,6.06,6.17,6.06,6.16,90237
2021-03-29,6.15,6.53,6.09,6.5,488063
2021-03-30,6.5,6.54,6.4,6.42,193085
2021-03-31,6.44,6.45,6.32,6.4,129767
2021-04-01,6.4,6.44,6.35,6.41,110367
2021-04-02,6.41,6.44,6.27,6.28,169072
2021-04-06,6.3,6.46,6.3,6.4,132137
2021-04-07,6.44,6.5,6.38,6.43,133955
2021-04-08,6.43,6.43,6.28,6.3,155681
2021-04-09,6.29,6.34,6.25,6.34,71543
2021-04-12,6.34,6.63,6.29,6.52,257767
2021-04-13,6.33,6.37,6.21,6.24,304735
2021-04-14,6.23,6.25,6.07,6.1,192478
2021-04-15,6.1,6.14,6.06,6.12,103808
2021-04-16,6.12,6.2,6.1,6.2,108000
2021-04-19,6.18,6.26,6.17,6.2,103618
2021-04-20,6.2,6.22,6.12,6.13,134046
2021-04-21,6.13,6.18,6.1,6.15,53888
2021-04-22,6.15,6.18,6.1,6.11,76027
2021-04-23,6.11,6.12,6.04,6.05,110395
2021-04-26,6.05,6.1,5.96,6.0,126101
2021-04-27,5.99,6.03,5.97,6.0,54448
2021-04-28,5.99,6.11,5.99,6.07,74140
2021-04-29,6.16,6.22,6.09,6.18,124542
2021-04-30,6.16,6.28,6.14,6.19,154269
2021-05-06,6.16,6.31,6.16,6.24,111556
2021-05-07,6.24,6.26,6.18,6.24,99161
2021-05-10,6.23,6.23,6.13,6.17,97137
2021-05-11,6.18,6.2,6.1,6.17,105964
2021-05-12,6.14,6.19,6.11,6.18,90748
2021-05-13,6.16,6.22,6.13,6.16,92183
2021-05-14,6.15,6.24,6.12,6.22,145550
2021-05-17,6.24,6.26,6.16,6.18,138515
2021-05-18,6.18,6.26,6.16,6.26,110452
2021-05-19,6.27,6.27,6.2,6.22,94174
2021-05-20,6.2,6.24,6.12,6.15,119345
2021-05-21,6.18,6.2,6.14,6.17,68158
2021-05-24,6.15,6.19,6.12,6.14,86366
2021-05-25,6.13,6.23,6.11,6.2,128694
2021-05-26,6.26,6.38,6.23,6.35,211018
2021-05-27,6.38,6.41,6.31,6.34,126954
2021-05-28,6.35,6.43,6.32,6.37,103437
2021-05-31,6.39,6.41,6.31,6.35,115555
2021-06-01,6.35,6.36,6.25,6.31,175459
2021-06-02,5.93,5.99,5.86,5.87,181908
2021-06-03,5.87,5.95,5.83,5.87,131907
2021-06-04,5.88,5.89,5.83,5.86,95330
2021-06-07,5.84,5.86,5.78,5.79,96365
2021-06-08,5.79,5.81,5.75,5.77,83376
2021-06-09,5.76,5.83,5.75,5.77,64726
2021-06-10,5.77,5.79,5.74,5.75,73670
2021-06-11,5.75,5.82,5.73,5.79,88451
2021-06-15,5.78,5.82,5.65,5.66,98369
2021-06-16,5.66,5.68,5.57,5.59,81377
2021-06-17,5.59,5.64,5.57,5.58,58315
2021-06-18,5.58,5.6,5.5,5.54,70834
2021-06-21,5.52,5.55,5.48,5.5,61604
2021-06-22,5.49,5.59,5.48,5.54,71294
2021-06-23,5.55,5.57,5.48,5.52,77282
2021-06-24,5.52,5.55,5.48,5.51,63822
2021-06-25,5.52,5.59,5.5,5.59,78924
2021-06-28,5.59,5.71,5.55,5.66,98004
2021-06-29,5.64,5.66,5.56,5.57,57780
2021-06-30,5.58,5.59,5.53,5.53,46716
2021-07-01,5.53,5.58,5.51,5.52,75786
2021-07-02,5.53,5.57,5.48,5.49,70614
2021-07-05,5.49,5.54,5.45,5.48,59999
2021-07-06,5.48,5.52,5.45,5.52,97009
2021-07-07,5.5,5.52,5.45,5.46,84131
2021-07-08,5.47,5.48,5.36,5.36,85923
2021-07-09,5.36,5.4,5.34,5.38,57088
2021-07-12,5.43,5.45,5.36,5.37,83590
2021-07-13,5.37,5.42,5.36,5.38,85172
2021-07-14,5.42,5.42,5.31,5.33,86552
2021-07-15,5.33,5.33,5.19,5.23,125265
2021-07-16,5.23,5.28,5.22,5.24,76508
2021-07-19,5.23,5.24,5.17,5.18,79010
2021-07-20,5.16,5.19,5.06,5.15,109783
2021-07-21,5.18,5.25,5.11,5.12,111172
2021-07-22,5.12,5.34,5.09,5.25,173115
2021-07-23,5.22,5.24,5.14,5.15,98387
2021-07-26,5.15,5.16,5.0,5.02,125787
2021-07-27,5.03,5.08,5.0,5.0,100736
2021-07-28,5.02,5.04,4.95,4.97,111607
2021-07-29,5.0,5.01,4.95,4.97,92887
2021-07-30,4.98,4.98,4.88,4.94,119435
2021-08-02,4.93,4.95,4.73,4.9,224522
2021-08-03,4.93,5.17,4.92,5.07,232539
2021-08-04,5.07,5.09,4.98,4.98,134394
2021-08-05,4.99,5.12,4.97,5.07,134434
2021-08-06,5.05,5.06,4.98,4.99,99920
2021-08-09,4.99,5.13,4.98,5.11,155252
2021-08-10,5.11,5.13,5.07,5.11,75098
2021-08-11,5.11,5.33,5.11,5.25,214681
2021-08-12,5.23,5.26,5.19,5.24,110818
2021-08-13,5.25,5.26,5.15,5.19,104220
2021-08-16,5.16,5.26,5.16,5.22,83792
2021-08-17,5.23,5.29,5.11,5.13,105267
2021-08-18,5.16,5.25,5.13,5.21,116376
2021-08-19,5.18,5.23,5.15,5.15,68162
2021-08-20,5.13,5.19,5.12,5.18,80804
2021-08-23,5.18,5.21,5.16,5.16,88148
2021-08-24,5.2,5.22,5.13,5.14,108385
2021-08-25,5.14,5.17,5.11,5.12,122367
2021-08-26,5.12,5.61,5.07,5.31,332217
2021-08-27,5.26,5.29,5.2,5.26,116005
2021-08-30,5.26,5.4,5.24,5.39,237976
2021-08-31,5.39,5.45,5.34,5.41,138931
2021-09-01,5.4,5.69,5.39,5.65,390670
2021-09-02,5.62,5.73,5.57,5.68,251216
2021-09-03,5.67,5.7,5.53,5.57,230686
2021-09-06,5.56,5.66,5.52,5.56,144277
2021-09-07,5.62,5.73,5.62,5.68,226481
2021-09-08,5.67,5.82,5.65,5.75,216311
2021-09-09,5.74,5.88,5.7,5.83,219795
2021-09-10,5.84,5.93,5.74,5.76,206164
2021-09-13,5.76,5.95,5.74,5.93,263515
2021-09-14,5.96,5.97,5.8,5.83,200020
2021-09-15,5.89,5.9,5.76,5.82,142059
2021-09-16,5.83,5.89,5.66,5.7,199061
2021-09-17,5.68,5.8,5.61,5.65,164420
2021-09-22,5.58,5.75,5.49,5.7,175786
2021-09-23,5.78,5.9,5.74,5.88,258759
2021-09-24,5.9,5.9,5.74,5.78,141275
2021-09-27,5.78,5.8,5.47,5.5,241580
2021-09-28,5.48,5.63,5.45,5.52,118931
2021-09-29,5.52,5.62,5.48,5.54,127965
2021-09-30,5.56,5.68,5.54,5.56,125265
2021-10-08,5.69,5.89,5.66,5.81,216149
2021-10-11,5.76,5.83,5.7,5.76,176688
2021-10-12,5.72,5.77,5.67,5.73,117148
2021-10-13,5.7,5.73,5.59,5.65,107451
2021-10-14,5.64,5.72,5.61,5.63,91152
2021-10-15,5.61,5.65,5.54,5.56,105958
2021-10-18,5.53,5.62,5.5,5.51,103427
2021-10-19,5.51,5.59,5.46,5.57,104604
2021-10-20,5.56,5.57,5.42,5.43,125990
2021-10-21,5.42,5.49,5.29,5.29,131962
2021-10-22,5.42,5.57,5.32,5.33,170961
2021-10-25,5.28,5.28,5.13,5.15,184338
2021-10-26,5.13,5.15,5.07,5.09,135010
2021-10-27,5.11,5.13,4.97,5.02,107223
2021-10-28,4.97,5.04,4.95,4.98,91769
2021-10-29,4.96,5.07,4.95,5.04,91744
2021-11-01,5.03,5.08,4.98,5.06,96173
2021-11-02,5.02,5.06,4.92,4.99,106954
2021-11-03,4.96,5.04,4.96,5.0,62633
2021-11-04,4.99,5.03,4.96,5.01,47007
2021-11-05,4.99,5.02,4.96,5.01,60255
2021-11-08,4.99,5.03,4.98,4.99,60371
2021-11-09,4.99,5.04,4.97,4.97,88036
2021-11-10,4.97,5.03,4.93,5.02,92665
2021-11-11,5.0,5.17,4.99,5.13,136060
2021-11-12,5.12,5.15,5.05,5.1,90721
2021-11-15,5.14,5.14,5.08,5.12,51370
2021-11-16,5.1,5.13,5.06,5.07,64404
2021-11-17,5.06,5.1,5.03,5.07,55826
2021-11-18,5.07,5.08,5.0,5.0,54629
2021-11-19,5.0,5.09,4.98,5.09,70597
2021-11-22,5.09,5.12,5.04,5.04,64488
2021-11-23,5.04,5.14,5.03,5.13,86909
2021-11-24,5.13,5.15,5.09,5.13,78691
2021-11-25,5.13,5.23,5.12,5.18,79357
2021-11-26,5.16,5.17,5.11,5.11,50026
2021-11-29,5.11,5.18,5.08,5.16,88016
2021-11-30,5.23,5.3,5.18,5.25,134461
2021-12-01,5.25,5.29,5.18,5.28,88399
2021-12-02,5.27,5.34,5.22,5.32,95750
2021-12-03,5.32,5.39,5.3,5.38,92180
2021-12-06,5.4,5.42,5.3,5.31,93002
2021-12-07,5.4,5.45,5.35,5.38,118320
2021-12-08,5.45,5.45,5.35,5.43,105924
2021-12-09,5.43,5.56,5.39,5.54,197642
2021-12-10,5.53,5.68,5.49,5.52,231274
2021-12-13,5.55,5.66,5.53,5.55,157135
2021-12-14,5.51,5.58,5.4,5.48,147341
2021-12-15,5.43,5.49,5.42,5.43,84324
2021-12-16,5.49,5.5,5.43,5.46,58084
2021-12-17,5.47,5.51,5.41,5.43,69144
2021-12-20,5.41,5.49,5.38,5.4,98190
2021-12-21,5.39,5.64,5.37,5.59,175183
2021-12-22,5.58,5.62,5.47,5.5,115982
2021-12-23,5.49,5.54,5.45,5.45,65443
2021-12-24,5.45,5.5,5.41,5.47,78678
2021-12-27,5.45,5.52,5.43,5.45,70486
2021-12-28,5.44,5.48,5.34,5.36,78976
2021-12-29,5.55,5.68,5.5,5.56,187713
2021-12-30,5.68,5.89,5.64,5.84,523561
2021-12-31,5.88,5.9,5.76,5.87,302423
2022-01-04,5.89,6.06,5.82,6.03,335315
2022-01-05,6.02,6.12,5.95,6.1,281426
2022-01-06,6.09,6.14,6.01,6.09,153055
2022-01-07,6.02,6.23,6.02,6.14,241504
2022-01-10,6.17,6.39,6.11,6.36,350025
2022-01-11,6.36,6.45,6.28,6.4,202555
2022-01-12,6.41,6.42,6.19,6.28,200213
2022-01-13,6.28,6.39,6.17,6.22,202870
2022-01-14,6.26,6.28,6.13,6.17,146026
2022-01-17,6.13,6.25,6.12,6.17,153913
2022-01-18,6.2,6.25,6.08,6.19,128249
2022-01-19,6.23,6.33,6.16,6.26,152222
2022-01-20,6.23,6.39,6.18,6.26,182135
2022-01-21,6.27,6.32,6.17,6.28,132261
2022-01-24,6.19,6.3,6.09,6.23,108481
2022-01-25,6.21,6.21,5.98,6.0,130155
2022-01-26,6.03,6.23,6.0,6.19,204405
2022-01-27,6.14,6.23,6.09,6.17,154672
2022-01-28,6.24,6.24,6.02,6.11,137938
2022-02-07,6.13,6.46,6.11,6.46,308382
2022-02-08,6.47,6.58,6.39,6.54,250551
2022-02-09,6.55,6.56,6.46,6.5,188080
2022-02-10,6.5,6.55,6.44,6.51,158895
2022-02-11,6.54,6.65,6.45,6.46,228441
2022-02-14,6.45,6.5,6.34,6.37,188217
2022-02-15,6.45,6.46,6.34,6.37,105311
2022-02-16,6.38,6.49,6.35,6.48,111549
2022-02-17,6.48,6.51,6.36,6.43,105649
2022-02-18,6.35,6.6,6.32,6.58,200023
2022-02-21,6.6,6.63,6.46,6.54,120223
2022-02-22,6.5,6.64,6.48,6.59,165812
2022-02-23,6.52,6.58,6.42,6.44,148751
2022-02-24,6.43,6.46,6.17,6.24,186693
2022-02-25,6.25,6.52,6.25,6.46,195351
2022-02-28,6.46,6.46,6.33,6.41,118649
2022-03-01,6.4,6.47,6.33,6.41,115543
2022-03-02,6.39,6.46,6.36,6.38,86301
2022-03-03,6.4,6.59,6.39,6.45,131833
2022-03-04,6.44,6.45,6.33,6.41,90708
2022-03-07,6.39,6.45,6.33,6.35,100710
2022-03-08,6.33,6.38,6.06,6.07,181103
2022-03-09,6.09,6.25,5.87,6.06,196452
2022-03-10,6.15,6.27,6.1,6.14,141461
2022-03-11,6.11,6.21,5.94,6.19,133696
2022-03-14,6.08,6.24,6.08,6.15,148528
2022-03-15,6.1,6.11,5.7,5.7,189479
2022-03-16,5.83,5.88,5.47,5.78,181689
2022-03-17,5.85,6.07,5.8,5.98,180220
2022-03-18,5.95,6.3,5.92,6.27,203970
2022-03-21,6.27,6.35,6.1,6.22,172863
2022-03-22,6.24,6.42,6.14,6.31,154103
2022-03-23,6.3,6.41,6.2,6.33,143939
2022-03-24,6.27,6.48,6.22,6.26,174356
2022-03-25,6.26,6.41,6.21,6.34,162959
2022-03-28,6.31,6.39,6.21,6.36,192454
2022-03-29,6.36,6.4,6.26,6.39,178135
2022-03-30,6.36,6.7,6.35,6.68,329402
2022-03-31,6.7,7.15,6.7,6.9,556674
2022-04-01,6.82,6.89,6.61,6.81,427388
2022-04-06,6.9,7.09,6.74,7.0,460984
2022-04-07,6.91,6.99,6.68,6.68,371960
2022-04-08,6.72,6.84,6.58,6.82,361830
2022-04-11,6.82,6.92,6.51,6.57,356185
2022-04-12,6.55,6.63,6.42,6.55,236891
2022-04-13,6.49,6.53,6.27,6.39,249377
2022-04-14,6.6,6.62,6.31,6.54,280142
2022-04-15,6.51,6.7,6.4,6.48,253919
2022-04-18,6.46,6.79,6.42,6.6,474957
2022-04-19,6.59,6.75,6.41,6.72,402444
2022-04-20,6.72,6.76,6.35,6.39,315537
2022-04-21,6.37,6.58,6.3,6.34,321662
2022-04-22,6.31,6.51,6.05,6.31,286782
2022-04-25,6.18,6.24,5.82,5.84,294559
2022-04-26,5.94,6.13,5.81,5.85,389857
2022-04-27,5.92,6.1,5.8,6.1,317641
2022-04-28,6.01,6.16,5.82,6.1,485061
2022-04-29,6.1,6.71,5.91,6.66,971459
2022-05-05,6.67,7.33,6.67,7.02,1596025
2022-05-06,6.82,6.94,6.61,6.64,773203
2022-05-09,6.68,7.0,6.67,6.85,625771
2022-05-10,6.66,7.07,6.63,7.0,783776
2022-05-11,7.0,7.15,6.86,6.88,702088
2022-05-12,6.81,7.22,6.8,7.05,759524
2022-05-13,7.1,7.76,7.09,7.76,1475342
2022-05-16,8.15,8.28,7.81,7.96,2024000
2022-05-17,7.81,7.9,7.16,7.54,1371139
2022-05-18,7.51,7.53,7.29,7.31,726370
2022-05-19,7.17,7.52,7.1,7.47,670899
2022-05-20,7.47,7.53,7.18,7.23,693846
2022-05-23,7.29,7.33,7.1,7.15,391231
2022-05-24,7.19,7.2,6.8,6.85,602478
2022-05-25,6.81,6.97,6.73,6.94,386617
2022-05-26,6.87,7.23,6.87,7.16,576798
2022-05-27,7.13,7.42,7.12,7.3,662555
2022-05-30,7.25,7.42,7.14,7.42,537003
2022-05-31,7.29,7.38,7.06,7.11,586381
2022-06-01,7.11,7.31,6.96,7.27,591171
2022-06-02,7.18,7.18,6.93,6.95,553661
2022-06-06,6.94,7.03,6.75,6.83,661831
2022-06-07,6.84,6.88,6.73,6.86,430716
2022-06-08,6.83,6.87,6.6,6.72,470647
2022-06-09,6.72,6.83,6.7,6.77,358987
2022-06-10,6.74,6.83,6.65,6.8,407362
2022-06-13,6.75,6.79,6.41,6.51,584551
2022-06-14,6.41,6.63,6.41,6.6,343422
2022-06-15,6.62,6.87,6.6,6.7,462909
2022-06-16,6.7,6.85,6.54,6.57,376315
2022-06-17,6.55,6.61,6.44,6.6,316586
2022-06-20,6.6,6.82,6.56,6.77,392381
2022-06-21,6.82,6.99,6.77,6.8,486770
2022-06-22,6.85,6.86,6.63,6.64,257499
2022-06-23,6.65,6.84,6.51,6.77,318353
2022-06-24,6.85,6.85,6.66,6.69,279963
2022-06-27,6.7,6.79,6.64,6.7,274237
2022-06-28,6.66,6.78,6.59,6.65,357716
2022-06-29,6.66,6.87,6.63,6.84,522537
2022-06-30,6.84,6.99,6.79,6.89,612579
2022-07-01,6.89,7.04,6.8,6.94,382956
2022-07-04,6.95,6.96,6.61,6.67,644939
2022-07-05,6.69,6.69,6.5,6.56,439584
2022-07-06,6.54,6.58,6.26,6.32,464903
2022-07-07,6.32,6.34,6.22,6.28,308694
2022-07-08,5.99,6.05,5.93,5.97,249483
2022-07-11,5.96,5.96,5.8,5.9,303140
2022-07-12,5.95,6.07,5.87,6.02,314507
2022-07-13,6.07,6.16,6.0,6.11,344923
2022-07-14,6.1,6.1,5.9,5.91,267476
2022-07-15,5.89,5.89,5.66,5.67,294728
2022-07-18,5.7,5.88,5.68,5.83,275174
2022-07-19,5.9,5.9,5.8,5.84,162427
2022-07-20,5.86,5.87,5.81,5.84,158083
2022-07-21,5.83,5.94,5.79,5.81,261177
2022-07-22,5.79,5.85,5.74,5.8,194691
2022-07-25,5.8,5.92,5.73,5.73,208318
2022-07-26,5.78,5.97,5.66,5.97,360918
2022-07-27,5.98,5.99,5.84,5.87,227744
2022-07-28,5.83,5.91,5.83,5.85,186239
2022-07-29,5.88,5.9,5.75,5.77,226866
2022-08-01,5.75,5.77,5.64,5.68,219307
2022-08-02,5.63,5.64,5.3,5.39,386250
2022-08-03,5.37,5.51,5.3,5.31,197864
2022-08-04,5.33,5.37,5.26,5.32,160347
2022-08-05,5.36,5.42,5.28,5.41,134318
2022-08-08,5.41,5.51,5.37,5.43,150712
2022-08-09,5.45,5.49,5.36,5.42,173933
2022-08-10,5.4,5.41,5.32,5.37,111377
2022-08-11,5.4,5.49,5.39,5.48,179973
2022-08-12,5.47,5.57,5.44,5.55,171065
2022-08-15,5.55,5.6,5.5,5.53,150515
2022-08-16,5.53,5.66,5.53,5.65,181879
2022-08-17,5.65,5.7,5.59,5.67,142375
2022-08-18,5.69,5.69,5.58,5.63,126070
2022-08-19,5.64,5.8,5.62,5.7,248765
2022-08-22,5.68,5.72,5.63,5.68,143480
2022-08-23,5.7,5.72,5.58,5.67,236906
2022-08-24,5.61,5.67,5.45,5.47,311678
2022-08-25,5.55,5.56,5.41,5.49,249327
2022-08-26,5.48,5.55,5.41,5.47,172618
2022-08-29,5.43,5.45,5.34,5.45,154251
2022-08-30,5.49,5.62,5.45,5.5,188758
2022-08-31,5.5,5.54,5.41,5.45,162581
2022-09-01,5.46,5.7,5.41,5.57,375306
2022-09-02,5.55,5.58,5.46,5.47,245812
2022-09-05,5.47,5.55,5.45,5.55,201797
2022-09-06,5.58,5.7,5.55,5.66,285735
2022-09-07,5.7,5.81,5.58,5.78,386819
2022-09-08,5.79,5.87,5.69,5.73,180828
2022-09-09,5.75,6.07,5.74,6.0,603160
2022-09-13,5.97,6.03,5.85,5.9,419321
2022-09-14,5.82,5.93,5.76,5.81,332180
2022-09-15,5.92,6.0,5.84,5.99,543158
2022-09-16,6.08,6.11,5.8,5.82,736279
2022-09-19,5.75,5.99,5.69,5.95,595361
2022-09-20,5.96,5.99,5.74,5.77,387656
2022-09-21,5.72,5.93,5.62,5.88,372284
2022-09-22,5.85,5.88,5.67,5.71,365057
2022-09-23,5.72,5.85,5.59,5.62,295243
2022-09-26,5.67,5.72,5.46,5.49,223148
2022-09-27,5.43,5.55,5.37,5.5,216159
2022-09-28,5.47,5.5,5.34,5.34,156719
2022-09-29,5.4,5.4,5.12,5.18,274711
2022-09-30,5.22,5.39,5.22,5.32,299288
2022-10-10,5.33,5.85,5.31,5.82,937144
2022-10-11,5.82,5.87,5.67,5.82,556670
2022-10-12,5.84,6.07,5.78,5.98,491253
2022-10-13,5.99,6.0,5.74,5.77,379344
2022-10-14,5.82,5.88,5.75,5.79,263779
2022-10-17,5.73,5.82,5.6,5.79,257160
2022-10-18,5.79,5.89,5.73,5.76,217964
2022-10-19,5.74,5.79,5.67,5.67,143060
2022-10-20,5.67,5.7,5.55,5.56,159663
2022-10-21,5.62,5.71,5.54,5.58,155924
2022-10-24,5.51,5.61,5.3,5.33,264194
2022-10-25,5.3,5.37,5.15,5.22,298075
2022-10-26,5.25,5.33,5.22,5.24,242306
2022-10-27,5.27,5.43,5.24,5.4,256305
2022-10-28,5.4,5.4,5.16,5.2,223632
2022-10-31,5.18,5.22,5.03,5.14,185018
2022-11-01,5.14,5.29,5.14,5.28,159564
2022-11-02,5.27,5.32,5.21,5.28,179369
2022-11-03,5.23,5.28,5.07,5.11,460557
2022-11-04,5.13,5.24,5.1,5.24,263343
2022-11-07,5.22,5.29,5.16,5.29,240063
2022-11-08,5.25,5.32,5.24,5.3,168277
2022-11-09,5.3,5.44,5.28,5.29,261564
2022-11-10,5.25,5.32,5.2,5.29,165091
2022-11-11,5.38,5.67,5.36,5.59,649679
2022-11-14,5.76,5.83,5.59,5.62,501715
2022-11-15,5.66,5.78,5.59,5.72,299884
2022-11-16,5.68,5.72,5.55,5.58,346245
2022-11-17,5.57,5.63,5.51,5.57,186650
2022-11-18,5.57,5.61,5.51,5.51,139137
2022-11-21,5.49,5.5,5.4,5.47,134381
2022-11-22,5.5,5.67,5.46,5.55,290352
2022-11-23,5.53,5.67,5.5,5.59,252948
2022-11-24,5.66,5.76,5.62,5.67,388370
2022-11-25,5.68,5.87,5.65,5.84,532772
2022-11-28,5.75,5.88,5.72,5.84,321198
2022-11-29,6.11,6.29,6.0,6.19,955671
2022-11-30,6.18,6.43,6.12,6.15,698045
2022-12-01,6.21,6.29,6.09,6.14,482800
2022-12-02,6.11,6.16,5.96,6.11,433880
2022-12-05,6.38,6.45,6.2,6.27,595155
2022-12-06,6.18,6.25,6.06,6.12,409047
2022-12-07,6.11,6.14,5.98,6.05,254759
2022-12-08,6.0,6.1,5.99,6.04,208768
2022-12-09,6.05,6.15,6.01,6.15,335029
2022-12-12,6.09,6.09,5.9,5.91,268441
2022-12-13,5.94,5.99,5.9,5.95,150491
2022-12-14,5.94,5.95,5.83,5.86,171325
2022-12-15,5.82,5.89,5.78,5.83,119916
2022-12-16,5.83,5.97,5.79,5.86,206805
2022-12-19,5.88,5.99,5.73,5.8,219066
2022-12-20,5.78,5.78,5.65,5.66,152216
2022-12-21,5.74,5.77,5.65,5.67,113499
2022-12-22,5.7,5.78,5.55,5.58,141026
2022-12-23,5.55,5.63,5.53,5.6,90582
2022-12-26,5.6,5.66,5.53,5.54,142574
2022-12-27,5.58,5.72,5.57,5.62,189521
2022-12-28,5.6,5.66,5.51,5.58,164915
2022-12-29,5.58,5.59,5.44,5.46,162797
2022-12-30,5.47,5.53,5.44,5.46,143192
2023-01-03,5.46,5.53,5.46,5.51,168510
2023-01-04,5.51,5.68,5.48,5.6,211675
2023-01-05,5.6,5.62,5.54,5.56,172509
2023-01-06,5.61,5.66,5.49,5.52,222263
2023-01-09,5.54,5.57,5.47,5.48,138065
2023-01-10,5.5,5.52,5.42,5.43,143552
2023-01-11,5.43,5.52,5.42,5.44,132146
2023-01-12,5.45,5.47,5.38,5.39,127438
2023-01-13,5.39,5.47,5.39,5.46,96162
2023-01-16,5.47,5.56,5.39,5.54,167245
2023-01-17,5.51,5.63,5.5,5.58,130461
2023-01-18,5.62,5.64,5.56,5.57,96943
2023-01-19,5.58,5.63,5.54,5.62,88989
2023-01-20,5.62,5.74,5.62,5.72,160743
2023-01-30,5.81,5.83,5.69,5.71,148840
2023-01-31,5.69,5.78,5.67,5.77,125814
2023-02-01,5.75,5.8,5.74,5.8,130326
2023-02-02,5.8,5.8,5.71,5.75,194281
2023-02-03,5.76,5.76,5.64,5.7,139554
2023-02-06,5.68,5.7,5.61,5.66,107181
2023-02-07,5.66,5.72,5.64,5.71,113917
2023-02-08,5.7,5.73,5.6,5.61,179857
2023-02-09,5.63,5.66,5.6,5.65,149001
2023-02-10,5.67,5.72,5.63,5.71,145518
2023-02-13,5.7,5.78,5.7,5.77,189922
2023-02-14,5.76,5.79,5.72,5.76,140712
2023-02-15,5.75,5.76,5.68,5.69,135853
2023-02-16,5.71,5.75,5.54,5.57,210817
2023-02-17,5.58,5.63,5.56,5.57,112707
2023-02-20,5.59,5.69,5.56,5.69,141208
2023-02-21,5.73,5.8,5.7,5.76,319892
2023-02-22,5.73,5.8,5.72,5.78,192075
2023-02-23,5.79,5.84,5.73,5.75,198163
2023-02-24,5.77,5.79,5.69,5.72,112597
2023-02-27,5.72,5.76,5.68,5.7,107720
2023-02-28,5.74,5.77,5.68,5.76,113160
2023-03-01,5.75,5.85,5.73,5.85,273676
2023-03-02,5.84,5.93,5.81,5.88,209991
2023-03-03,5.88,5.97,5.84,5.96,216835
2023-03-06,5.98,6.0,5.81,5.85,248705
2023-03-07,5.83,5.9,5.75,5.76,210535
2023-03-08,5.77,5.79,5.73,5.78,148968
2023-03-09,5.77,5.8,5.72,5.74,112686
2023-03-10,5.7,5.74,5.57,5.57,267010
2023-03-13,5.6,5.63,5.55,5.6,205987
2023-03-14,5.59,5.63,5.47,5.48,194474
2023-03-15,5.5,5.68,5.5,5.64,211679
2023-03-16,5.62,5.69,5.58,5.58,171058
2023-03-17,5.61,5.71,5.6,5.64,169190
2023-03-20,5.66,5.7,5.54,5.55,215001
2023-03-21,5.59,5.6,5.49,5.52,203773
2023-03-22,5.54,5.63,5.53,5.57,189064
2023-03-23,5.58,5.6,5.52,5.58,129720
2023-03-24,5.58,5.58,5.5,5.54,187618
2023-03-27,5.54,5.55,5.4,5.43,236379
2023-03-28,5.44,5.47,5.39,5.4,148634
2023-03-29,5.4,5.42,5.32,5.33,181993
2023-03-30,5.36,5.37,5.28,5.36,161151
2023-03-31,5.39,5.39,5.33,5.36,163400
2023-04-03,5.36,5.43,5.33,5.39,207402
2023-04-04,5.41,5.5,5.37,5.45,212299
2023-04-06,5.45,5.49,5.4,5.44,117639
2023-04-07,5.46,5.54,5.43,5.51,148266
2023-04-10,5.51,5.56,5.45,5.47,190653
2023-04-11,5.47,5.56,5.41,5.55,200423
2023-04-12,5.57,5.65,5.53,5.62,215087
2023-04-13,5.63,5.66,5.57,5.64,187777
2023-04-14,5.65,5.78,5.62,5.72,374583
2023-04-17,5.68,5.74,5.66,5.72,243879
2023-04-18,5.7,5.75,5.67,5.72,197590
2023-04-19,5.7,5.73,5.67,5.68,172879
2023-04-20,5.68,5.72,5.6,5.71,203477
2023-04-21,5.73,5.85,5.69,5.69,307718
2023-04-24,5.7,5.75,5.64,5.68,215011
2023-04-25,5.68,5.7,5.55,5.62,210299
2023-04-26,5.61,5.64,5.53,5.58,191895
2023-04-27,5.59,5.66,5.55,5.63,225420
2023-04-28,5.43,5.44,5.1,5.36,643290
2023-05-04,5.31,5.56,5.28,5.54,458761
2023-05-05,5.54,5.59,5.42,5.51,214914
2023-05-08,5.49,5.56,5.45,5.49,200396
2023-05-09,5.5,5.72,5.46,5.57,327200
2023-05-10,5.55,5.6,5.42,5.45,228848
2023-05-11,5.47,5.48,5.42,5.43,112733
2023-05-12,5.44,5.45,5.34,5.35,146800
2023-05-15,5.35,5.37,5.25,5.36,162334
2023-05-16,5.36,5.37,5.27,5.29,130068
2023-05-17,5.26,5.33,5.23,5.29,114497
2023-05-18,5.29,5.31,5.24,5.25,112211
2023-05-19,5.24,5.25,5.16,5.21,131140
2023-05-22,5.19,5.2,5.15,5.16,112384
2023-05-23,5.17,5.2,5.12,5.12,98266
2023-05-24,5.13,5.13,5.06,5.06,120552
2023-05-25,5.06,5.08,5.01,5.04,84173
2023-05-26,5.03,5.1,5.03,5.08,81613
2023-05-29,5.09,5.11,5.02,5.03,85609
2023-05-30,5.02,5.09,5.0,5.08,98372
2023-05-31,5.08,5.09,5.04,5.06,66379
2023-06-01,5.05,5.09,5.01,5.04,71858
2023-06-02,5.05,5.17,5.05,5.17,128638
2023-06-05,5.16,5.16,5.1,5.12,70175
2023-06-06,5.12,5.18,5.1,5.1,98786
2023-06-07,5.1,5.28,5.1,5.18,137097
2023-06-08,5.19,5.44,5.13,5.38,432390
2023-06-09,5.35,5.35,5.26,5.28,174540
2023-06-12,5.29,5.33,5.19,5.26,175410
2023-06-13,5.29,5.29,5.18,5.22,149975
2023-06-14,5.18,5.24,5.17,5.18,131977
2023-06-15,5.19,5.2,5.14,5.18,121921
2023-06-16,5.19,5.25,5.19,5.23,138740
2023-06-19,5.25,5.25,5.1,5.11,161929
2023-06-20,5.11,5.12,5.04,5.05,125221
2023-06-21,5.04,5.07,5.02,5.02,99512
2023-06-26,5.02,5.02,4.92,4.92,145557
2023-06-27,4.94,5.07,4.92,5.05,99424
2023-06-28,5.04,5.04,4.98,5.0,75920
2023-06-29,5.02,5.02,4.97,4.97,89985
2023-06-30,4.97,5.05,4.97,5.04,90758
2023-07-03,5.04,5.1,5.04,5.09,108715
2023-07-04,5.09,5.11,5.05,5.08,87477
2023-07-05,5.06,5.11,5.06,5.07,58244
2023-07-06,5.05,5.08,5.03,5.04,83112
2023-07-07,5.03,5.07,5.02,5.05,84208
2023-07-10,5.08,5.11,5.05,5.06,100699
2023-07-11,5.09,5.1,5.05,5.08,67115
2023-07-12,5.09,5.09,5.04,5.05,89229
2023-07-13,5.05,5.11,5.05,5.1,114823
2023-07-14,4.81,4.82,4.76,4.77,117414
2023-07-17,4.77,4.8,4.73,4.8,71990
2023-07-18,4.8,4.84,4.79,4.82,81934
2023-07-19,4.8,4.93,4.79,4.89,132815
2023-07-20,4.88,4.92,4.85,4.86,113867
2023-07-21,4.86,4.93,4.84,4.92,111253
2023-07-24,5.1,5.3,5.03,5.17,746730
2023-07-25,5.15,5.39,5.15,5.38,783641
2023-07-26,5.35,5.66,5.35,5.49,837071
2023-07-27,5.4,5.53,5.38,5.41,514395
2023-07-28,5.4,5.77,5.39,5.7,806022
2023-07-31,5.94,6.27,5.94,6.16,1616822
2023-08-01,6.24,6.26,5.93,5.98,1281614
2023-08-02,5.98,6.49,5.93,6.2,1058046
2023-08-03,6.3,6.82,6.18,6.71,1607549
2023-08-04,6.8,6.85,6.45,6.51,1333805
2023-08-07,6.48,6.49,6.18,6.26,867665
2023-08-08,6.21,6.37,6.13,6.27,476019
2023-08-09,6.27,6.64,6.23,6.4,690772
2023-08-10,6.4,6.65,6.35,6.43,674104
2023-08-11,6.61,6.78,6.2,6.31,647095
2023-08-14,6.13,6.32,6.06,6.22,472081
2023-08-15,6.22,6.33,6.14,6.19,361186
2023-08-16,6.25,6.52,6.18,6.34,548342
2023-08-17,6.32,6.38,6.18,6.28,363759
2023-08-18,6.33,6.46,6.21,6.23,316781
2023-08-21,6.15,6.32,6.1,6.14,291717
2023-08-22,6.3,6.49,6.15,6.39,710144
2023-08-23,6.4,6.7,6.36,6.51,846067
2023-08-24,6.5,6.68,6.39,6.48,547202
2023-08-25,6.48,6.96,6.47,6.74,880222
2023-08-28,7.33,7.35,6.74,7.02,1360841
2023-08-29,6.93,7.45,6.84,7.28,973918
2023-08-30,7.16,7.35,7.06,7.24,650310
2023-08-31,7.2,7.21,6.52,6.52,936206
2023-09-01,6.44,6.76,6.42,6.48,953305
2023-09-04,6.55,6.75,6.38,6.42,645140
2023-09-05,6.4,6.4,6.22,6.31,501538
2023-09-06,6.3,6.5,6.24,6.41,517931
2023-09-07,6.4,6.58,6.35,6.4,327359
2023-09-08,6.36,6.42,6.22,6.34,237490
2023-09-11,6.33,6.39,6.25,6.31,243896
2023-09-12,6.29,6.38,6.25,6.31,175508
2023-09-13,6.3,6.47,6.27,6.35,294300
2023-09-14,6.38,6.42,6.3,6.37,226795
2023-09-15,6.4,6.44,6.24,6.29,247635
2023-09-18,6.24,6.32,6.16,6.22,336440
2023-09-19,6.17,6.28,6.16,6.24,280867
2023-09-20,6.25,6.35,6.18,6.29,212085
2023-09-21,6.35,6.39,6.24,6.26,198922
2023-09-22,6.27,6.34,6.2,6.34,182191
2023-09-25,6.33,6.33,6.18,6.24,187279
2023-09-26,6.25,6.26,6.11,6.13,288793
2023-09-27,6.15,6.24,6.12,6.17,404270
2023-09-28,6.2,6.2,5.98,6.06,306028
2023-10-09,6.09,6.09,5.88,5.97,271381
2023-10-10,5.97,6.0,5.81,5.85,312328
2023-10-11,5.84,5.9,5.77,5.81,274773
2023-10-12,5.87,5.9,5.81,5.83,158163
2023-10-13,5.83,5.88,5.78,5.84,147268
2023-10-16,5.84,5.9,5.77,5.81,141798
2023-10-17,5.77,5.86,5.73,5.82,151449
2023-10-18,5.83,5.83,5.7,5.71,132036
2023-10-19,5.68,5.77,5.62,5.69,139004
2023-10-20,5.67,5.88,5.62,5.72,186371
2023-10-23,5.68,5.73,5.54,5.6,158354
2023-10-24,5.61,5.67,5.58,5.65,190435
2023-10-25,5.68,5.86,5.67,5.7,226353
2023-10-26,5.62,5.64,5.2,5.24,645562
2023-10-27,5.3,5.32,5.19,5.21,361748
2023-10-30,5.24,5.25,5.07,5.11,384593
2023-10-31,5.09,5.15,5.03,5.07,307964
2023-11-01,5.09,5.13,5.05,5.11,308147
2023-11-02,5.1,5.16,5.05,5.06,224287
2023-11-03,5.07,5.1,5.04,5.05,237569
2023-11-06,5.08,5.22,5.05,5.16,369248
2023-11-07,5.2,5.21,5.13,5.18,253157
2023-11-08,5.18,5.22,5.15,5.19,211762
2023-11-09,5.16,5.35,5.15,5.26,537326
2023-11-10,5.26,5.26,5.1,5.16,300132
2023-11-13,5.15,5.3,5.14,5.27,239878
2023-11-14,5.27,5.57,5.24,5.54,588430
2023-11-15,5.58,5.63,5.45,5.47,529279
2023-11-16,5.46,5.46,5.31,5.32,277820
2023-11-17,5.32,5.34,5.26,5.28,233582
2023-11-20,5.32,5.37,5.2,5.23,236440
2023-11-21,5.25,5.48,5.25,5.33,398708
2023-11-22,5.45,5.52,5.33,5.34,431443
2023-11-23,5.41,5.64,5.28,5.5,520297
2023-11-24,5.53,5.56,5.36,5.38,357543
2023-11-27,5.38,5.39,5.23,5.28,321157
2023-11-28,5.3,5.3,5.21,5.24,240046
2023-11-29,5.24,5.24,5.04,5.07,483676
2023-11-30,5.05,5.14,5.04,5.07,201727
2023-12-01,5.11,5.17,5.07,5.13,175449
2023-12-04,5.14,5.14,5.04,5.08,222025
2023-12-05,5.07,5.09,4.93,4.96,353966
2023-12-06,4.95,5.04,4.95,5.01,185855
2023-12-07,5.03,5.07,4.95,5.03,231059
2023-12-08,5.05,5.05,4.93,4.98,339425
2023-12-11,4.96,5.0,4.86,4.99,308188
2023-12-12,5.01,5.08,4.96,5.07,259721
2023-12-13,5.05,5.06,4.92,4.95,300385
2023-12-14,4.98,5.03,4.96,4.98,188816
2023-12-15,5.03,5.05,4.94,4.95,243536
2023-12-18,4.93,4.99,4.84,4.86,291802
2023-12-19,4.85,4.89,4.79,4.83,205749
2023-12-20,4.83,4.84,4.71,4.74,238980
2023-12-21,4.74,4.81,4.67,4.8,198111
2023-12-22,4.81,4.81,4.7,4.72,204701
2023-12-25,4.72,4.72,4.64,4.66,144652
2023-12-26,4.66,4.67,4.55,4.58,191655
2023-12-27,4.58,4.65,4.55,4.61,137978
2023-12-28,4.63,4.72,4.58,4.7,197321
2023-12-29,4.71,4.72,4.59,4.6,344906
2024-01-02,4.61,4.62,4.48,4.53,381185
2024-01-03,4.54,4.61,4.51,4.57,214862
2024-01-04,4.59,4.59,4.47,4.49,302390
2024-01-05,4.49,4.64,4.47,4.53,353564
2024-01-08,4.78,4.84,4.55,4.55,624524
2024-01-09,4.55,4.64,4.46,4.57,449125
2024-01-10,4.53,4.56,4.48,4.48,262114
2024-01-11,4.49,4.54,4.44,4.53,263663
2024-01-12,4.5,4.6,4.49,4.53,223932
2024-01-15,4.52,4.57,4.47,4.55,214869
2024-01-16,4.55,4.62,4.48,4.54,275294
2024-01-17,4.52,4.6,4.44,4.44,240763
2024-01-18,4.43,4.43,4.27,4.38,301295
2024-01-19,4.36,4.73,4.34,4.51,680585
2024-01-22,4.45,4.65,4.23,4.25,814590
2024-01-23,4.24,4.37,4.15,4.34,436756
2024-01-24,4.33,4.44,4.26,4.44,388600
2024-01-25,4.43,4.76,4.4,4.7,786027
2024-01-26,4.68,4.9,4.66,4.77,863876
2024-01-29,4.96,5.06,4.78,4.78,969019
2024-01-30,4.72,4.76,4.57,4.59,482528
2024-01-31,4.57,4.66,4.45,4.49,408409
2024-02-01,4.45,4.49,4.32,4.35,419242
2024-02-02,4.38,4.62,4.26,4.45,581808
2024-02-05,4.4,4.4,4.15,4.22,534048
2024-02-06,4.15,4.45,4.13,4.38,549000
2024-02-07,4.4,4.53,4.36,4.46,477501
2024-02-08,4.5,4.64,4.5,4.61,550626
2024-02-19,4.64,4.67,4.55,4.63,438648
2024-02-20,4.63,4.66,4.56,4.63,379549
2024-02-21,4.62,4.86,4.58,4.74,574819
2024-02-22,4.7,4.74,4.63,4.68,460911
2024-02-23,4.71,4.74,4.65,4.71,297824
2024-02-26,4.69,4.71,4.61,4.62,374696
2024-02-27,4.6,4.68,4.59,4.67,311659
2024-02-28,4.69,4.75,4.55,4.55,480223
2024-02-29,4.54,4.66,4.52,4.66,304689
2024-03-01,4.66,4.71,4.61,4.65,268984
2024-03-04,4.62,4.65,4.49,4.53,361497
2024-03-05,4.5,4.52,4.45,4.5,273861
2024-03-06,4.46,4.54,4.46,4.49,166283
2024-03-07,4.5,4.54,4.46,4.46,203557
2024-03-08,4.47,4.48,4.41,4.44,158340
2024-03-11,4.45,4.52,4.42,4.52,200028
2024-03-12,4.51,4.69,4.48,4.65,438325
2024-03-13,4.61,4.65,4.51,4.59,350158
2024-03-14,4.59,4.73,4.57,4.69,511847
2024-03-15,4.68,4.71,4.64,4.69,249462
2024-03-18,4.71,4.73,4.66,4.7,252086
2024-03-19,4.68,4.7,4.65,4.67,178041
2024-03-20,4.65,4.67,4.6,4.67,209493
2024-03-21,4.67,4.73,4.65,4.67,199190
2024-03-22,4.67,4.68,4.58,4.61,225396
2024-03-25,4.61,4.71,4.56,4.63,292135
2024-03-26,4.63,4.75,4.62,4.74,361492
2024-03-27,4.73,4.73,4.56,4.56,388311
2024-03-28,4.55,4.63,4.51,4.59,210720
2024-03-29,4.59,4.62,4.5,4.54,247180
2024-04-01,4.52,4.64,4.52,4.63,251958
2024-04-02,4.63,4.68,4.59,4.64,200756
2024-04-03,4.63,4.66,4.6,4.66,182716
2024-04-08,4.62,4.63,4.54,4.55,249117
2024-04-09,4.55,4.58,4.53,4.55,142051
2024-04-10,4.56,4.56,4.41,4.44,239588
2024-04-11,4.44,4.5,4.39,4.46,237712
2024-04-12,4.46,4.47,4.34,4.35,222250
2024-04-15,4.33,4.42,4.22,4.36,258413
2024-04-16,4.35,4.46,4.32,4.38,308310
2024-04-17,4.4,4.59,4.38,4.59,475811
2024-04-18,4.58,4.61,4.54,4.54,305696
2024-04-19,4.54,4.6,4.51,4.57,231098
2024-04-22,4.57,4.61,4.46,4.49,270085
2024-04-23,4.48,4.55,4.47,4.51,193011
2024-04-24,4.5,4.51,4.46,4.5,168665
2024-04-25,4.5,4.52,4.46,4.5,143550
2024-04-26,4.35,4.38,4.15,4.34,644343
2024-04-29,4.3,4.56,4.3,4.54,585457
2024-04-30,4.53,4.54,4.35,4.37,385159
2024-05-06,4.46,4.55,4.41,4.43,355266
2024-05-07,4.44,4.54,4.4,4.49,332048
2024-05-08,4.46,4.48,4.37,4.37,265927
2024-05-09,4.38,4.44,4.37,4.39,216395
2024-05-10,4.41,4.52,4.36,4.49,465396
2024-05-13,4.47,4.49,4.39,4.45,309801
2024-05-14,4.45,4.48,4.4,4.43,207598
2024-05-15,4.42,4.59,4.4,4.52,568872
2024-05-16,4.51,4.74,4.51,4.69,708782
2024-05-17,4.74,4.96,4.66,4.94,1065721
2024-05-20,4.94,4.94,4.75,4.78,707828
2024-05-21,4.76,4.81,4.72,4.76,326650
2024-05-22,4.76,4.97,4.75,4.81,680106
2024-05-23,4.77,4.81,4.64,4.68,499217
2024-05-24,4.65,4.67,4.53,4.56,369154
2024-05-27,4.56,4.59,4.44,4.53,331322
2024-05-28,4.55,4.65,4.43,4.44,322395
2024-05-29,4.44,4.53,4.42,4.44,276875
2024-05-30,4.42,4.43,4.36,4.38,308195
2024-05-31,4.38,4.41,4.35,4.37,207809
2024-06-03,4.38,4.39,4.27,4.3,245124
2024-06-04,4.28,4.39,4.25,4.36,210845
2024-06-05,4.34,4.34,4.27,4.28,166629
2024-06-06,4.26,4.3,4.19,4.21,211445
2024-06-07,4.22,4.28,4.21,4.26,160595
2024-06-11,4.24,4.25,4.17,4.22,226106
2024-06-12,4.21,4.25,4.19,4.22,147073
2024-06-13,4.24,4.25,4.16,4.18,167476
2024-06-14,4.16,4.24,4.15,4.23,162764
2024-06-17,4.2,4.24,4.18,4.2,112656
2024-06-18,4.21,4.24,4.2,4.22,99019
2024-06-19,4.22,4.26,4.2,4.21,120823
2024-06-20,4.2,4.21,4.08,4.08,240137
2024-06-21,4.1,4.12,4.07,4.08,114124
2024-06-24,4.08,4.08,3.96,3.99,169355
2024-06-25,3.99,4.06,3.97,4.02,144872
2024-06-26,4.0,4.07,3.97,4.07,130025
2024-06-27,4.05,4.08,4.03,4.03,96432
2024-06-28,4.02,4.08,4.0,4.02,144579
2024-07-01,4.0,4.12,3.99,4.11,183282
2024-07-02,4.1,4.15,4.08,4.1,176402
2024-07-03,4.09,4.19,4.09,4.12,147232
2024-07-04,4.15,4.17,4.02,4.04,148802
2024-07-05,4.05,4.06,3.99,4.03,120721
2024-07-08,4.01,4.02,3.96,3.96,135790
2024-07-09,3.96,4.0,3.9,3.99,148448
2024-07-10,3.97,3.98,3.91,3.92,123366
2024-07-11,3.97,4.0,3.93,3.96,193332
2024-07-12,3.95,4.05,3.94,4.0,230715
2024-07-15,4.0,4.01,3.95,3.97,154197
2024-07-16,3.98,3.99,3.94,3.97,126386
2024-07-17,3.96,4.02,3.96,4.0,148525
2024-07-18,3.99,4.01,3.95,4.0,170360
2024-07-19,3.75,3.77,3.69,3.71,220221
2024-07-22,3.7,3.73,3.67,3.69,128622
2024-07-23,3.69,3.72,3.62,3.67,163403
2024-07-24,3.64,3.65,3.55,3.56,173274
2024-07-25,3.55,3.59,3.53,3.56,106422
2024-07-26,3.57,3.65,3.56,3.65,130513
2024-07-29,3.66,3.66,3.59,3.65,98222
2024-07-30,3.64,3.69,3.63,3.68,101996
2024-07-31,3.68,3.82,3.66,3.81,174885
2024-08-01,3.8,3.85,3.76,3.77,105058
2024-08-02,3.76,3.8,3.74,3.74,134509
2024-08-05,3.72,3.79,3.69,3.71,145657
2024-08-06,3.72,3.76,3.7,3.75,96391
2024-08-07,3.74,3.74,3.69,3.69,86256
2024-08-08,3.71,3.8,3.69,3.75,151478
2024-08-09,3.75,3.88,3.74,3.78,229629
2024-08-12,3.78,3.79,3.68,3.69,152406
2024-08-13,3.7,3.72,3.66,3.7,98546
2024-08-14,3.71,3.74,3.67,3.67,88699
2024-08-15,3.67,3.74,3.63,3.71,116572
2024-08-16,3.71,3.72,3.64,3.65,122673
2024-08-19,3.64,3.66,3.61,3.63,113589
2024-08-20,3.64,3.64,3.53,3.56,120414
2024-08-21,3.55,3.57,3.51,3.53,98135
2024-08-22,3.53,3.56,3.49,3.5,94867
2024-08-23,3.45,3.49,3.4,3.44,187485
2024-08-26,3.43,3.49,3.41,3.47,115517
2024-08-27,3.47,3.47,3.39,3.41,119628
2024-08-28,3.43,3.43,3.35,3.36,107875
2024-08-29,3.35,3.39,3.33,3.37,100870
2024-08-30,3.37,3.55,3.36,3.49,249129
2024-09-02,3.48,3.48,3.34,3.35,193073
2024-09-03,3.35,3.42,3.33,3.38,138486
2024-09-04,3.37,3.45,3.33,3.34,160549
2024-09-05,3.37,3.4,3.36,3.4,119321
2024-09-06,3.39,3.4,3.33,3.34,121289
2024-09-09,3.34,3.36,3.28,3.34,109835
2024-09-10,3.33,3.34,3.24,3.29,133369
2024-09-11,3.26,3.27,3.2,3.21,152688
2024-09-12,3.22,3.28,3.22,3.25,112270
2024-09-13,3.25,3.3,3.24,3.26,102760
2024-09-18,3.26,3.32,3.21,3.28,154775
2024-09-19,3.3,3.43,3.29,3.38,232501
2024-09-20,3.36,3.42,3.34,3.4,154211
2024-09-23,3.38,3.43,3.36,3.41,127653
2024-09-24,3.45,3.55,3.43,3.55,230522
2024-09-25,3.57,3.75,3.57,3.62,329327
2024-09-26,3.63,3.87,3.6,3.87,490510
2024-09-27,3.96,4.17,3.9,4.13,800920
2024-09-30,4.42,4.49,4.2,4.48,1174015
2024-10-08,4.91,4.91,4.3,4.48,1232604
2024-10-09,4.4,4.4,4.03,4.03,782339
2024-10-10,4.02,4.15,3.9,4.05,545734
2024-10-11,4.06,4.11,3.95,4.0,402298
2024-10-14,4.09,4.15,4.01,4.11,455083
2024-10-15,4.08,4.15,4.02,4.04,378998
2024-10-16,4.06,4.19,4.04,4.14,445458
2024-10-17,4.17,4.18,3.99,3.99,452734
2024-10-18,3.98,4.13,3.94,4.07,447885
2024-10-21,4.07,4.09,4.01,4.03,334260
2024-10-22,4.02,4.08,4.01,4.08,309911
2024-10-23,4.07,4.14,4.06,4.09,260963
2024-10-24,4.08,4.13,4.06,4.1,225417
2024-10-25,4.13,4.3,4.12,4.25,557668
2024-10-28,4.32,4.38,4.27,4.36,462681
2024-10-29,4.35,4.48,4.28,4.3,524794
2024-10-30,4.28,4.38,4.26,4.3,370226
2024-10-31,4.32,4.5,4.28,4.42,505735
2024-11-01,4.42,4.45,4.27,4.31,431664
2024-11-04,4.33,4.4,4.25,4.4,358297
2024-11-05,4.4,4.5,4.38,4.46,453632
2024-11-06,4.48,4.52,4.37,4.48,492839
2024-11-07,4.45,4.67,4.43,4.66,565638
2024-11-08,4.68,4.7,4.47,4.49,545057
2024-11-11,4.49,4.52,4.37,4.44,382786
2024-11-12,4.45,4.49,4.37,4.41,361737
2024-11-13,4.39,4.48,4.36,4.4,287787
2024-11-14,4.48,4.5,4.29,4.31,357730
2024-11-15,4.27,4.36,4.21,4.23,292567
2024-11-18,4.35,4.55,4.33,4.39,685719
2024-11-19,4.38,4.42,4.28,4.4,385979
2024-11-20,4.38,4.4,4.34,4.4,253975
2024-11-21,4.4,4.49,4.35,4.42,283162
2024-11-22,4.4,4.44,4.29,4.3,275654
2024-11-25,4.31,4.32,4.18,4.26,242575
2024-11-26,4.26,4.29,4.22,4.27,179087
2024-11-27,4.23,4.3,4.17,4.3,203146
2024-11-28,4.34,4.5,4.34,4.42,538098
2024-11-29,4.41,4.49,4.38,4.43,407208
2024-12-02,4.43,4.52,4.42,4.51,429839
2024-12-03,4.5,4.54,4.46,4.52,272332
2024-12-04,4.51,4.54,4.44,4.46,236253
2024-12-05,4.46,4.48,4.4,4.44,222301
2024-12-06,4.48,4.54,4.45,4.54,376285
2024-12-09,4.54,4.57,4.42,4.46,313699
2024-12-10,4.63,4.66,4.47,4.48,438254
2024-12-11,4.48,4.58,4.46,4.57,420934
2024-12-12,4.59,4.62,4.53,4.61,334882
2024-12-13,4.59,4.59,4.45,4.45,434335
2024-12-16,4.46,4.49,4.4,4.43,217387
2024-12-17,4.41,4.44,4.31,4.35,234505
2024-12-18,4.38,4.44,4.33,4.33,212508
2024-12-19,4.31,4.34,4.26,4.32,181037
2024-12-20,4.3,4.32,4.25,4.26,203947
2024-12-23,4.26,4.27,4.12,4.14,302511
2024-12-24,4.15,4.22,4.14,4.21,172936
2024-12-25,4.22,4.22,4.12,4.16,137097
2024-12-26,4.15,4.19,4.13,4.14,126814
2024-12-27,4.16,4.24,4.13,4.23,196731
2024-12-30,4.23,4.23,4.14,4.21,166230
2024-12-31,4.2,4.25,4.11,4.11,189029
2025-01-02,4.11,4.21,4.03,4.07,259874
2025-01-03,4.08,4.1,3.98,4.0,210309
2025-01-06,3.98,4.09,3.95,4.05,236350
2025-01-07,4.05,4.08,4.0,4.03,142248
2025-01-08,4.02,4.03,3.91,3.96,181694
2025-01-09,3.95,3.96,3.9,3.9,139179
2025-01-10,3.91,3.93,3.8,3.81,161575
2025-01-13,3.75,3.81,3.74,3.8,185555
2025-01-14,3.8,3.89,3.79,3.89,168438
2025-01-15,3.87,3.9,3.82,3.88,143715
2025-01-16,3.89,3.98,3.87,3.9,153299
2025-01-17,3.86,3.93,3.82,3.92,112248
2025-01-20,3.93,4.0,3.9,3.96,178210
2025-01-21,3.98,4.05,3.94,3.96,191184
2025-01-22,3.94,3.95,3.86,3.88,122026
2025-01-23,3.92,3.99,3.92,3.93,152746
2025-01-24,3.93,4.01,3.9,3.96,196669
2025-01-27,3.96,4.08,3.96,3.99,194242
2025-02-05,4.0,4.02,3.89,3.91,191929
2025-02-06,3.89,3.92,3.84,3.9,191384
2025-02-07,3.89,4.0,3.87,3.98,231295
2025-02-10,3.97,4.02,3.96,4.0,211138
2025-02-11,4.01,4.02,3.93,3.94,148482
2025-02-12,3.94,3.98,3.9,3.98,168619
2025-02-13,3.97,4.06,3.96,4.04,280933
2025-02-14,4.03,4.05,3.95,3.98,169298
2025-02-17,3.98,4.05,3.95,4.01,242135
2025-02-18,4.02,4.02,3.94,3.96,145676
2025-02-19,3.96,4.0,3.94,3.96,134112
2025-02-20,3.96,3.96,3.88,3.91,186116
2025-02-21,3.91,3.93,3.85,3.89,174896
2025-02-24,3.89,3.99,3.87,3.97,264171
2025-02-25,3.95,3.96,3.88,3.89,210794
2025-02-26,3.89,3.98,3.89,3.98,254026
2025-02-27,3.96,4.07,3.96,4.0,200510
2025-02-28,3.98,4.03,3.94,3.95,186379
2025-03-03,3.97,4.03,3.93,3.95,231144
2025-03-04,3.95,3.95,3.88,3.91,173076
2025-03-05,3.91,3.91,3.83,3.87,177882
2025-03-06,3.88,3.94,3.84,3.92,179994
2025-03-07,3.92,3.92,3.87,3.88,138470
2025-03-10,3.9,3.91,3.84,3.87,171723
2025-03-11,3.85,3.87,3.81,3.86,175037
2025-03-12,3.86,3.88,3.84,3.86,166082
2025-03-13,3.85,3.87,3.81,3.84,186192
2025-03-14,3.84,3.91,3.84,3.91,234444
2025-03-17,3.92,3.98,3.91,3.96,256757
2025-03-18,3.97,3.98,3.92,3.95,174380
2025-03-19,3.95,3.96,3.91,3.93,126009
2025-03-20,3.92,3.96,3.91,3.93,140757
2025-03-21,3.91,3.96,3.89,3.92,185259
2025-03-24,3.93,3.93,3.83,3.86,209458
2025-03-25,3.86,3.9,3.83,3.89,155725
2025-03-26,3.88,3.93,3.87,3.92,140990
2025-03-27,3.91,3.93,3.87,3.9,112683
2025-03-28,3.9,3.91,3.83,3.85,187814
2025-03-31,3.82,3.87,3.75,3.76,234133
2025-04-01,3.78,3.82,3.76,3.81,158908
2025-04-02,3.81,3.83,3.79,3.81,106530
2025-04-03,3.79,3.88,3.78,3.85,157326
2025-04-07,3.75,3.76,3.47,3.47,332354
2025-04-08,3.5,3.64,3.5,3.59,337592
2025-04-09,3.56,3.68,3.45,3.66,287642
2025-04-10,3.68,3.72,3.64,3.69,248718
2025-04-11,3.66,3.68,3.62,3.64,163681
2025-04-14,3.66,3.7,3.65,3.67,162218
2025-04-15,3.66,3.69,3.65,3.68,118113
2025-04-16,3.68,3.73,3.65,3.68,146776
2025-04-17,3.66,3.82,3.65,3.77,251959
2025-04-18,3.75,3.85,3.74,3.83,211618
2025-04-21,3.81,3.86,3.79,3.82,168100
2025-04-22,3.82,3.94,3.82,3.92,324219
2025-04-23,3.93,3.95,3.82,3.82,282971
2025-04-24,3.8,3.87,3.79,3.85,190546
2025-04-25,3.85,3.93,3.84,3.86,218403
2025-04-28,3.82,3.85,3.7,3.72,276599
2025-04-29,3.71,3.71,3.55,3.58,402439
2025-04-30,3.58,3.61,3.55,3.56,222036
2025-05-06,3.58,3.6,3.56,3.58,229875
2025-05-07,3.64,3.7,3.59,3.6,305652
2025-05-08,3.6,3.65,3.57,3.63,264509
2025-05-09,3.63,3.66,3.58,3.58,194171
2025-05-12,3.61,3.62,3.57,3.6,173559
2025-05-13,3.62,3.63,3.58,3.59,192314
2025-05-14,3.59,3.62,3.55,3.6,224793
2025-05-15,3.6,3.61,3.57,3.58,159218
2025-05-16,3.6,3.6,3.56,3.58,188049
2025-05-19,3.58,3.65,3.57,3.63,316680
2025-05-20,3.63,3.64,3.58,3.61,198278
2025-05-21,3.6,3.61,3.58,3.6,163846
2025-05-22,3.6,3.61,3.55,3.56,188330
2025-05-23,3.56,3.57,3.52,3.53,170015
2025-05-26,3.53,3.55,3.51,3.53,116859
2025-05-27,3.52,3.55,3.51,3.54,146678
2025-05-28,3.53,3.56,3.51,3.53,160641
2025-05-29,3.53,3.58,3.51,3.56,227560
2025-05-30,3.55,3.56,3.52,3.53,222778
2025-06-03,3.51,3.54,3.51,3.53,185994
2025-06-04,3.53,3.56,3.52,3.54,159032
2025-06-05,3.55,3.56,3.53,3.54,100924
2025-06-06,3.54,3.56,3.53,3.55,122609
2025-06-09,3.56,3.57,3.54,3.56,140095
2025-06-10,3.56,3.58,3.51,3.53,219458
2025-06-11,3.54,3.58,3.53,3.56,216758
2025-06-12,3.55,3.56,3.52,3.54,150944
2025-06-13,3.53,3.54,3.48,3.49,206060
2025-06-16,3.5,3.54,3.49,3.53,154109
2025-06-17,3.52,3.54,3.51,3.53,96422
2025-06-18,3.52,3.53,3.49,3.5,111522
2025-06-19,3.5,3.5,3.45,3.47,151300
2025-06-20,3.46,3.49,3.46,3.47,98693
2025-06-23,3.45,3.48,3.44,3.47,96387
2025-06-24,3.47,3.52,3.46,3.51,137387
2025-06-25,3.51,3.56,3.51,3.54,177778
2025-06-26,3.54,3.56,3.53,3.54,166815
2025-06-27,3.54,3.57,3.53,3.54,129209
2025-06-30,3.55,3.56,3.53,3.54,125248
2025-07-01,3.54,3.55,3.52,3.54,131088
2025-07-02,3.53,3.57,3.52,3.57,186303
2025-07-03,3.56,3.59,3.55,3.56,144687
2025-07-04,3.56,3.59,3.55,3.58,186653
2025-07-07,3.58,3.65,3.57,3.64,292648
2025-07-08,3.64,3.66,3.62,3.66,218179
2025-07-09,3.66,3.68,3.64,3.66,228861
2025-07-10,3.65,3.75,3.65,3.73,354500
2025-07-11,3.65,3.67,3.62,3.64,299384
2025-07-14,3.65,3.66,3.61,3.63,222739
2025-07-15,3.63,3.64,3.54,3.57,316234
2025-07-16,3.57,3.62,3.55,3.58,204687
2025-07-17,3.56,3.58,3.54,3.56,152767
2025-07-18,3.56,3.58,3.54,3.57,138769
2025-07-21,3.57,3.65,3.57,3.64,299137
2025-07-22,3.65,3.74,3.61,3.73,349977
2025-07-23,3.74,3.76,3.69,3.69,269086
2025-07-24,3.7,3.75,3.65,3.74,271621
2025-07-25,3.73,3.74,3.68,3.7,212030
2025-07-28,3.7,3.71,3.65,3.68,190155
2025-07-29,3.67,3.7,3.64,3.68,166108
2025-07-30,3.68,3.69,3.63,3.66,182641
2025-07-31,3.65,3.65,3.54,3.55,288296
2025-08-01,3.56,3.57,3.5,3.52,256350
2025-08-04,3.49,3.52,3.48,3.52,211010
2025-08-05,3.5,3.54,3.5,3.53,172025
2025-08-06,3.53,3.53,3.48,3.5,265323
2025-08-07,3.51,3.53,3.49,3.51,181619
2025-08-08,3.5,3.53,3.5,3.52,157487
2025-08-11,3.53,3.62,3.51,3.58,289987
2025-08-12,3.58,3.7,3.56,3.67,455002
2025-08-13,3.69,3.69,3.62,3.63,286206
2025-08-14,3.63,3.67,3.58,3.59,260194
2025-08-15,3.59,3.63,3.58,3.62,218077
2025-08-18,3.62,3.64,3.59,3.6,266309
2025-08-19,3.6,3.63,3.56,3.61,294264
2025-08-20,3.59,3.63,3.56,3.63,242118
2025-08-21,3.63,3.65,3.59,3.61,280834
2025-08-22,3.62,3.62,3.57,3.62,261395
2025-08-25,3.62,3.78,3.62,3.68,573348
2025-08-26,3.67,3.71,3.61,3.68,380657
2025-08-27,3.66,3.75,3.61,3.61,483106
2025-08-28,3.62,3.67,3.53,3.62,401624
2025-08-29,3.65,3.77,3.64,3.66,553205
2025-09-01,3.65,3.67,3.6,3.63,329752
2025-09-02,3.63,3.64,3.58,3.63,291358
2025-09-03,3.64,3.66,3.56,3.57,219227
2025-09-04,3.58,3.61,3.56,3.6,198640
2025-09-05,3.59,3.62,3.58,3.61,180537
2025-09-08,3.65,3.69,3.62,3.65,259729
2025-09-09,3.66,3.72,3.64,3.7,388483
2025-09-10,3.71,3.75,3.7,3.75,336749
2025-09-11,3.75,3.75,3.71,3.75,286589
2025-09-12,3.76,3.82,3.74,3.79,418902
2025-09-15,3.8,3.82,3.7,3.79,437824
2025-09-16,3.78,3.82,3.73,3.79,474774
2025-09-17,3.79,3.83,3.74,3.82,352889
2025-09-18,3.82,3.83,3.69,3.71,458771
2025-09-19,3.71,3.75,3.62,3.7,361519
2025-09-22,3.71,3.71,3.61,3.66,292353
2025-09-23,3.65,3.65,3.52,3.58,438530
2025-09-24,3.56,3.67,3.53,3.64,306801
2025-09-25,3.63,3.64,3.57,3.59,241022
2025-09-26,3.59,3.67,3.57,3.61,218934
2025-09-29,3.6,3.64,3.55,3.63,241878
2025-09-30,3.62,3.66,3.61,3.62,179399
2025-10-09,3.63,3.65,3.59,3.62,277937
2025-10-10,3.6,3.66,3.59,3.65,296310
2025-10-13,3.59,4.02,3.55,3.86,1290081
2025-10-14,3.86,3.91,3.77,3.78,907816
2025-10-15,3.8,3.83,3.72,3.73,494635
2025-10-16,3.72,3.79,3.69,3.74,525774
2025-10-17,3.72,3.77,3.7,3.71,385103
2025-10-20,3.71,3.74,3.66,3.68,332078
2025-10-21,3.67,3.75,3.65,3.74,408374
2025-10-22,3.72,3.78,3.72,3.74,331264
2025-10-23,4.03,4.11,3.94,4.11,1484063
2025-10-24,4.0,4.0,3.84,3.85,1500831
2025-10-27,3.92,3.95,3.84,3.86,748750
2025-10-28,3.84,3.87,3.8,3.83,495485
2025-10-29,3.83,3.87,3.78,3.86,476625
2025-10-30,3.83,3.85,3.76,3.76,423709
2025-10-31,3.77,3.81,3.76,3.79,265950
2025-11-03,3.84,3.85,3.79,3.83,306658
2025-11-04,3.83,3.85,3.79,3.83,315829
2025-11-05,3.8,3.85,3.78,3.84,291104
2025-11-06,3.84,3.84,3.8,3.82,280031
2025-11-07,3.81,3.84,3.8,3.81,224042
2025-11-10,3.81,3.84,3.77,3.83,277120
2025-11-11,3.83,3.88,3.82,3.88,335560
2025-11-12,4.08,4.27,4.04,4.12,2290863
2025-11-13,4.1,4.28,4.03,4.13,1624996
2025-11-14,4.16,4.54,4.14,4.44,2312616
2025-11-17,4.51,4.88,4.4,4.88,2673851
2025-11-18,4.85,4.86,4.41,4.58,2474055
2025-11-19,4.58,4.62,4.19,4.27,1649869
2025-11-20,4.29,4.33,4.17,4.22,1010024
2025-11-21,4.18,4.26,4.02,4.04,787251
2025-11-24,4.08,4.16,4.04,4.09,556676
2025-11-25,4.1,4.17,4.06,4.14,484458
2025-11-26,4.14,4.19,4.08,4.13,720740
2025-11-27,4.1,4.13,4.03,4.06,458969
2025-11-28,4.08,4.09,3.95,4.05,502825
2025-12-01,4.03,4.09,4.02,4.07,384886
2025-12-02,4.06,4.08,3.98,4.06,375377
2025-12-03,4.07,4.1,3.98,3.99,390178
2025-12-04,4.0,4.02,3.91,3.92,370911
2025-12-05,3.92,3.97,3.88,3.96,297096
2025-12-08,3.95,3.98,3.92,3.93,315938
2025-12-09,3.92,3.92,3.83,3.83,387929
2025-12-10,3.82,3.93,3.8,3.9,476199
2025-12-11,3.9,3.9,3.76,3.77,400471
2025-12-12,3.8,3.81,3.69,3.69,507402
2025-12-15,3.67,3.75,3.66,3.7,288149
2025-12-16,3.7,3.71,3.65,3.67,242234
2025-12-17,3.65,3.7,3.61,3.69,258548
2025-12-18,3.68,3.72,3.65,3.68,192967
2025-12-19,3.69,3.76,3.67,3.75,249818
2025-12-22,3.74,3.77,3.72,3.75,201148
2025-12-23,3.75,3.76,3.69,3.71,200640
2025-12-24,3.71,3.74,3.7,3.73,157794
2025-12-25,3.73,3.75,3.71,3.74,147482
2025-12-26,3.75,3.81,3.73,3.75,262798
2025-12-29,3.76,3.78,3.71,3.73,195188
2025-12-30,3.73,3.73,3.67,3.68,213728
2025-12-31,3.71,3.72,3.65,3.7,193730
2026-01-05,3.71,3.81,3.71,3.77,320715
2026-01-06,3.77,3.81,3.75,3.79,261185
2026-01-07,3.81,3.82,3.73,3.74,292108
2026-01-08,3.73,3.81,3.72,3.79,291664
2026-01-09,3.79,3.8,3.74,3.79,308290
2026-01-12,3.76,3.79,3.76,3.78,331454
2026-01-13,3.79,3.82,3.76,3.78,369651
2026-01-14,3.76,3.83,3.73,3.78,438235
2026-01-15,3.78,3.8,3.74,3.77,292845
2026-01-16,3.79,3.79,3.7,3.71,328962
2026-01-19,3.69,3.76,3.68,3.75,234041
2026-01-20,3.75,3.82,3.74,3.81,368763
2026-01-21,3.79,3.83,3.78,3.81,258583
2026-01-22,3.81,3.91,3.79,3.9,387397
2026-01-23,3.9,3.93,3.88,3.91,275945
2026-01-26,3.92,3.93,3.84,3.86,250140
2026-01-27,3.87,3.87,3.76,3.8,275757
2026-01-28,3.8,3.88,3.79,3.84,243333
2026-01-29,3.85,4.03,3.81,3.97,585851
2026-01-30,3.93,3.96,3.91,3.94,32606
